{"graph": {"_type": "graph-file", "path": "media/graph/graph_summary_fa9655b5.graph.json", "sha256": "fa9655b54be85e8957eefd4b9ce51c3ca45f2c4f988a03b7623ba22da68c809f", "size": 427}, "epoch": 39, "loss": 0.007406239397823811, "mse": 0.007406239397823811, "val_loss": 0.0058451564982533455, "val_mse": 0.0058451564982533455, "_runtime": 45, "_timestamp": 1619531821, "_step": 42, "best_val_loss": 0.005835079122334719, "best_epoch": 38, "mape": 73.93596231609602, "rmse": 0.28151398295103575, "mae": 0.18526943592166253}