{"graph": {"_type": "graph-file", "path": "media/graph/graph_summary_b26b436d.graph.json", "sha256": "b26b436de998f5af35c19950a76813af1cdcac44a68e8b7756747ef817a088e1", "size": 427}, "epoch": 26, "loss": 0.00977482832968235, "mse": 0.009774829261004925, "val_loss": 0.00803383532911539, "val_mse": 0.00803383532911539, "_runtime": 176, "_timestamp": 1619389055, "_step": 29, "best_val_loss": 0.007918091490864754, "best_epoch": 21, "mape": 41.67456026379758, "rmse": 0.8105723387503142, "mae": 0.5065561687610203}