{"graph": {"_type": "graph-file", "path": "media/graph/graph_summary_b26b436d.graph.json", "sha256": "b26b436de998f5af35c19950a76813af1cdcac44a68e8b7756747ef817a088e1", "size": 427}, "epoch": 11, "loss": 0.007342848926782608, "mse": 0.007342848926782608, "val_loss": 0.003862339071929455, "val_mse": 0.003862339071929455, "_runtime": 55, "_timestamp": 1618581808, "_step": 14, "best_val_loss": 0.0038360056933015585, "best_epoch": 6, "mape": 143.53949157644408, "rmse": 0.3518716326939437, "mae": 0.22865941182413277}