{"graph": {"_type": "graph-file", "path": "media/graph/graph_summary_b26b436d.graph.json", "sha256": "b26b436de998f5af35c19950a76813af1cdcac44a68e8b7756747ef817a088e1", "size": 427}, "epoch": 39, "loss": 0.003816650016233325, "mse": 0.003816650016233325, "val_loss": 0.0022819754667580128, "val_mse": 0.0022819754667580128, "_runtime": 249, "_timestamp": 1619175666, "_step": 42, "best_val_loss": 0.0022764436434954405, "best_epoch": 38, "mape": 48.82102055080082, "rmse": 0.634590192056374, "mae": 0.39875914996758793}