{"graph": {"_type": "graph-file", "path": "media/graph/graph_summary_fa9655b5.graph.json", "sha256": "fa9655b54be85e8957eefd4b9ce51c3ca45f2c4f988a03b7623ba22da68c809f", "size": 427}, "epoch": 8, "loss": 0.0027459319680929184, "mse": 0.0027459319680929184, "val_loss": 0.003675224259495735, "val_mse": 0.003675224259495735, "_runtime": 29, "_timestamp": 1618917520, "_step": 8, "best_val_loss": 0.003675224259495735, "best_epoch": 8}