{"graph": {"_type": "graph-file", "path": "media/graph/graph_summary_b26b436d.graph.json", "sha256": "b26b436de998f5af35c19950a76813af1cdcac44a68e8b7756747ef817a088e1", "size": 427}, "epoch": 39, "loss": 0.003769202856346965, "mse": 0.003769202856346965, "val_loss": 0.0022853538393974304, "val_mse": 0.0022853536065667868, "_runtime": 248, "_timestamp": 1619537679, "_step": 42, "best_val_loss": 0.0022754112724214792, "best_epoch": 34, "mape": 50.88254713607403, "rmse": 0.4594245627186662, "mae": 0.29701915922699923}