{"graph": {"_type": "graph-file", "path": "media/graph/graph_summary_b26b436d.graph.json", "sha256": "b26b436de998f5af35c19950a76813af1cdcac44a68e8b7756747ef817a088e1", "size": 427}, "epoch": 37, "loss": 0.012007944285869598, "mse": 0.012007944285869598, "val_loss": 0.0035700397565960884, "val_mse": 0.0035700397565960884, "_runtime": 128, "_timestamp": 1619518019, "_step": 40, "best_val_loss": 0.0035668702330440283, "best_epoch": 32, "mape": 80.78067679616466, "rmse": 0.30290536671724017, "mae": 0.2034962711263057}