{"graph": {"_type": "graph-file", "path": "media/graph/graph_summary_b26b436d.graph.json", "sha256": "b26b436de998f5af35c19950a76813af1cdcac44a68e8b7756747ef817a088e1", "size": 427}, "epoch": 20, "loss": 0.005934545770287514, "mse": 0.005934545770287514, "val_loss": 0.003023367142304778, "val_mse": 0.003023367142304778, "_runtime": 80, "_timestamp": 1619520247, "_step": 23, "best_val_loss": 0.002968058455735445, "best_epoch": 15, "mape": 75.51532196321662, "rmse": 0.29373207599282025, "mae": 0.1939919706637212}