{"graph": {"_type": "graph-file", "path": "media/graph/graph_summary_fa9655b5.graph.json", "sha256": "fa9655b54be85e8957eefd4b9ce51c3ca45f2c4f988a03b7623ba22da68c809f", "size": 427}, "epoch": 11, "loss": 0.010883022099733353, "mse": 0.010883022099733353, "val_loss": 0.009777339175343513, "val_mse": 0.009777339175343513, "_runtime": 18, "_timestamp": 1619599922, "_step": 14, "best_val_loss": 0.009678587317466736, "best_epoch": 6, "mape": 64.29235444453319, "rmse": 0.5898372058423339, "mae": 0.37921185778427036}