{"graph": {"_type": "graph-file", "path": "media/graph/graph_summary_b26b436d.graph.json", "sha256": "b26b436de998f5af35c19950a76813af1cdcac44a68e8b7756747ef817a088e1", "size": 427}, "epoch": 5, "loss": 0.011683783493936062, "mse": 0.011683783493936062, "val_loss": 0.010299904271960258, "val_mse": 0.010299904271960258, "_runtime": 22, "_timestamp": 1619537965, "_step": 8, "best_val_loss": 0.008400486782193184, "best_epoch": 0, "mape": 56.15979988523529, "rmse": 0.556336857069687, "mae": 0.3589804489362039}