{"graph": {"_type": "graph-file", "path": "media/graph/graph_summary_fa9655b5.graph.json", "sha256": "fa9655b54be85e8957eefd4b9ce51c3ca45f2c4f988a03b7623ba22da68c809f", "size": 427}, "epoch": 24, "loss": 0.007101379334926605, "mse": 0.007101379334926605, "val_loss": 0.005631266627460718, "val_mse": 0.005631266627460718, "_runtime": 49, "_timestamp": 1619599663, "_step": 27, "best_val_loss": 0.005628545302897692, "best_epoch": 19, "mape": 55.87504461744184, "rmse": 0.5917677428600616, "mae": 0.3771657988889886}