{"graph": {"_type": "graph-file", "path": "media/graph/graph_summary_fa9655b5.graph.json", "sha256": "fa9655b54be85e8957eefd4b9ce51c3ca45f2c4f988a03b7623ba22da68c809f", "size": 427}, "epoch": 23, "loss": 0.007015930023044348, "mse": 0.007015930023044348, "val_loss": 0.0036227323580533266, "val_mse": 0.0036227323580533266, "_runtime": 32, "_timestamp": 1619531856, "_step": 26, "best_val_loss": 0.0036091941874474287, "best_epoch": 18, "mape": 73.40864685252411, "rmse": 0.2825800618848325, "mae": 0.18609620084477108}