{"graph": {"_type": "graph-file", "path": "media/graph/graph_summary_9db57bb0.graph.json", "sha256": "9db57bb0a855cf560c99e3a92756562f017e8c84668e5bbfaa7fc737d9b938a0", "size": 722}, "epoch": 99, "loss": 0.005836390424519777, "mean_squared_error": 0.005836390424519777, "val_loss": 0.01077031996101141, "val_mean_squared_error": 0.01077031996101141, "_runtime": 15311, "_timestamp": 1618008543, "_step": 102, "best_val_loss": 0.00963785033673048, "best_epoch": 5, "mape": 66.4356101651456, "rmse": 0.7277436739506972, "mae": 0.4617129419631958}