{"graph": {"_type": "graph-file", "path": "media/graph/graph_summary_fa9655b5.graph.json", "sha256": "fa9655b54be85e8957eefd4b9ce51c3ca45f2c4f988a03b7623ba22da68c809f", "size": 427}, "epoch": 39, "loss": 0.0035468286368995905, "mse": 0.0035468286368995905, "val_loss": 0.0022647236473858356, "val_mse": 0.0022647236473858356, "_runtime": 87, "_timestamp": 1619385965, "_step": 42, "best_val_loss": 0.002242936985567212, "best_epoch": 35, "mape": 47.24764359528041, "rmse": 0.6160733285400187, "mae": 0.38155109596950126}