{"graph": {"_type": "graph-file", "path": "media/graph/graph_summary_b26b436d.graph.json", "sha256": "b26b436de998f5af35c19950a76813af1cdcac44a68e8b7756747ef817a088e1", "size": 427}, "epoch": 39, "loss": 0.010313712991774082, "mse": 0.010313712991774082, "val_loss": 0.006958803627640009, "val_mse": 0.006958803627640009, "_runtime": 164, "_timestamp": 1618583837, "_step": 42, "best_val_loss": 0.006956704426556826, "best_epoch": 34, "mape": 140.01534447187197, "rmse": 0.35502893182110634, "mae": 0.2317442789328823}