{"graph": {"_type": "graph-file", "path": "media/graph/graph_summary_fa9655b5.graph.json", "sha256": "fa9655b54be85e8957eefd4b9ce51c3ca45f2c4f988a03b7623ba22da68c809f", "size": 427}, "epoch": 14, "loss": 0.005462887696921825, "mse": 0.005462887696921825, "val_loss": 0.046359892934560776, "val_mse": 0.046359892934560776, "_runtime": 15, "_timestamp": 1619388189, "_step": 17, "best_val_loss": 0.045753248035907745, "best_epoch": 9, "mape": 62.371796957402104, "rmse": 0.6821636411605545, "mae": 0.4243149853299262}