{"graph": {"_type": "graph-file", "path": "media/graph/graph_summary_fa9655b5.graph.json", "sha256": "fa9655b54be85e8957eefd4b9ce51c3ca45f2c4f988a03b7623ba22da68c809f", "size": 427}, "epoch": 21, "loss": 0.009815315715968609, "mse": 0.009815315715968609, "val_loss": 0.01020531915128231, "val_mse": 0.01020531915128231, "_runtime": 50, "_timestamp": 1619387845, "_step": 24, "best_val_loss": 0.01018325425684452, "best_epoch": 16, "mape": 59.2591804313493, "rmse": 0.7456561225868698, "mae": 0.46430827713375195}