{"graph": {"_type": "graph-file", "path": "media/graph/graph_summary_fa9655b5.graph.json", "sha256": "fa9655b54be85e8957eefd4b9ce51c3ca45f2c4f988a03b7623ba22da68c809f", "size": 427}, "epoch": 39, "loss": 0.007360758725553751, "mse": 0.007360758725553751, "val_loss": 0.004672404378652573, "val_mse": 0.004672404378652573, "_runtime": 42, "_timestamp": 1619530946, "_step": 42, "best_val_loss": 0.004672404378652573, "best_epoch": 39, "mape": 75.11794141456294, "rmse": 0.25290636447300135, "mae": 0.16727803475791753}