{"graph": {"_type": "graph-file", "path": "media/graph/graph_summary_fa9655b5.graph.json", "sha256": "fa9655b54be85e8957eefd4b9ce51c3ca45f2c4f988a03b7623ba22da68c809f", "size": 427}, "epoch": 39, "loss": 0.005533156450837851, "mse": 0.005533156450837851, "val_loss": 0.004780119750648737, "val_mse": 0.004780119750648737, "_runtime": 53, "_timestamp": 1619531241, "_step": 42, "best_val_loss": 0.004780119750648737, "best_epoch": 39, "mape": 81.22924237556457, "rmse": 0.31004380672319315, "mae": 0.20440528105958558}