{"graph": {"_type": "graph-file", "path": "media/graph/graph_summary_fa9655b5.graph.json", "sha256": "fa9655b54be85e8957eefd4b9ce51c3ca45f2c4f988a03b7623ba22da68c809f", "size": 427}, "epoch": 39, "loss": 0.003962610848248005, "mse": 0.003962610848248005, "val_loss": 0.0031810712534934282, "val_mse": 0.0031810712534934282, "_runtime": 38, "_timestamp": 1618908702, "_step": 42, "best_val_loss": 0.0031791937071830034, "best_epoch": 37, "mape": 67.73664885154538, "rmse": 0.2760473268180604, "mae": 0.1637397991970577}