{"graph": {"_type": "graph-file", "path": "media/graph/graph_summary_b26b436d.graph.json", "sha256": "b26b436de998f5af35c19950a76813af1cdcac44a68e8b7756747ef817a088e1", "size": 427}, "epoch": 28, "loss": 0.007233588956296444, "mse": 0.007233588956296444, "val_loss": 0.007652625907212496, "val_mse": 0.007652626372873783, "_runtime": 14561, "_timestamp": 1618799763, "_step": 31, "best_val_loss": 0.00756416842341423, "best_epoch": 23, "mape": 121.2516551416407, "rmse": 0.37617592369075487, "mae": 0.23601512109107614}