{"graph": {"_type": "graph-file", "path": "media/graph/graph_summary_b26b436d.graph.json", "sha256": "b26b436de998f5af35c19950a76813af1cdcac44a68e8b7756747ef817a088e1", "size": 427}, "epoch": 34, "loss": 0.006987954024225473, "mse": 0.006987954024225473, "val_loss": 0.004386334214359522, "val_mse": 0.004386334680020809, "_runtime": 126, "_timestamp": 1618759457, "_step": 37, "best_val_loss": 0.00437742518261075, "best_epoch": 29, "mape": 151.44680988731614, "rmse": 0.37456337381242266, "mae": 0.24313652470921832}