{"graph": {"_type": "graph-file", "path": "media/graph/graph_summary_b26b436d.graph.json", "sha256": "b26b436de998f5af35c19950a76813af1cdcac44a68e8b7756747ef817a088e1", "size": 427}, "epoch": 21, "loss": 0.008667772635817528, "mse": 0.008667772635817528, "val_loss": 0.009579062461853027, "val_mse": 0.009579062461853027, "_runtime": 128, "_timestamp": 1619391721, "_step": 24, "best_val_loss": 0.00956224836409092, "best_epoch": 16, "mape": 65.95045809528088, "rmse": 0.7182557885681279, "mae": 0.45525571339388476}