{"graph": {"_type": "graph-file", "path": "media/graph/graph_summary_fa9655b5.graph.json", "sha256": "fa9655b54be85e8957eefd4b9ce51c3ca45f2c4f988a03b7623ba22da68c809f", "size": 427}, "epoch": 18, "loss": 0.003342715324833989, "mse": 0.003342715324833989, "val_loss": 0.001979952212423086, "val_mse": 0.001979952212423086, "_runtime": 42, "_timestamp": 1619599092, "_step": 21, "best_val_loss": 0.001962293405085802, "best_epoch": 13, "mape": 51.02774379897076, "rmse": 0.4690319821439785, "mae": 0.3050821159036683}