{"graph": {"_type": "graph-file", "path": "media/graph/graph_summary_b26b436d.graph.json", "sha256": "b26b436de998f5af35c19950a76813af1cdcac44a68e8b7756747ef817a088e1", "size": 427}, "epoch": 19, "loss": 0.007317858282476664, "mse": 0.007317858282476664, "val_loss": 0.007575451862066984, "val_mse": 0.007575451862066984, "_runtime": 11299, "_timestamp": 1618423254, "_step": 22, "best_val_loss": 0.007575451862066984, "best_epoch": 19, "mape": 124.58341196303485, "rmse": 0.3743065321732085, "mae": 0.23571651074074546}