{"graph": {"_type": "graph-file", "path": "media/graph/graph_summary_b26b436d.graph.json", "sha256": "b26b436de998f5af35c19950a76813af1cdcac44a68e8b7756747ef817a088e1", "size": 427}, "epoch": 8, "loss": 0.009060071781277657, "mse": 0.009060072712600231, "val_loss": 0.007375090382993221, "val_mse": 0.007375090382993221, "_runtime": 65, "_timestamp": 1619176859, "_step": 11, "best_val_loss": 0.007318304385989904, "best_epoch": 3, "mape": 64.53946078309168, "rmse": 0.7055982084572751, "mae": 0.44414076001600555}