{"graph": {"_type": "graph-file", "path": "media/graph/graph_summary_fa9655b5.graph.json", "sha256": "fa9655b54be85e8957eefd4b9ce51c3ca45f2c4f988a03b7623ba22da68c809f", "size": 427}, "epoch": 38, "loss": 0.004444068297743797, "mse": 0.004444068297743797, "val_loss": 0.0015762230614200234, "val_mse": 0.001576223294250667, "_runtime": 63, "_timestamp": 1618921835, "_step": 41, "best_val_loss": 0.0015500872395932674, "best_epoch": 33, "mape": 126.21871689907488, "rmse": 0.34886398596345913, "mae": 0.22497832617018312}