{"graph": {"_type": "graph-file", "path": "media/graph/graph_summary_b26b436d.graph.json", "sha256": "b26b436de998f5af35c19950a76813af1cdcac44a68e8b7756747ef817a088e1", "size": 427}, "epoch": 17, "loss": 0.0067327143624424934, "mse": 0.0067327143624424934, "val_loss": 0.006408417597413063, "val_mse": 0.006408417597413063, "_runtime": 57, "_timestamp": 1618765116, "_step": 20, "best_val_loss": 0.006332858931273222, "best_epoch": 12, "mape": 136.00184950992426, "rmse": 0.37887935401077033, "mae": 0.2489501347848241}