{"graph": {"_type": "graph-file", "path": "media/graph/graph_summary_567b7228.graph.json", "sha256": "567b7228a9575f08492a183e699d766a3131dd40037fa4d74c9c057e380fee5a", "size": 708}, "epoch": 14, "loss": 0.006865599658340216, "mse": 0.006865599658340216, "val_loss": 0.008923223242163658, "val_mse": 0.008923223242163658, "_runtime": 36384, "_timestamp": 1618513945, "_step": 17, "best_val_loss": 0.007875812239944935, "best_epoch": 9, "mape": 131.29926812281138, "rmse": 0.3915654162342266, "mae": 0.24969938355080948}