{"graph": {"_type": "graph-file", "path": "media/graph/graph_summary_b26b436d.graph.json", "sha256": "b26b436de998f5af35c19950a76813af1cdcac44a68e8b7756747ef817a088e1", "size": 427}, "epoch": 30, "loss": 0.014127364382147789, "mse": 0.014127364382147789, "val_loss": 0.011242186650633812, "val_mse": 0.011242186650633812, "_runtime": 365, "_timestamp": 1618903572, "_step": 33, "best_val_loss": 0.009852075017988682, "best_epoch": 25, "mape": 243.04832855501917, "rmse": 24.01305988644505, "mae": 18.56798414387402}