{"graph": {"_type": "graph-file", "path": "media/graph/graph_summary_fa9655b5.graph.json", "sha256": "fa9655b54be85e8957eefd4b9ce51c3ca45f2c4f988a03b7623ba22da68c809f", "size": 427}, "epoch": 30, "loss": 0.005754689686000347, "mse": 0.005754689686000347, "val_loss": 0.005187517963349819, "val_mse": 0.005187517963349819, "_runtime": 36, "_timestamp": 1619532306, "_step": 33, "best_val_loss": 0.005169508047401905, "best_epoch": 25, "mape": 71.13696868744934, "rmse": 0.28860044861587675, "mae": 0.18892383560233497}