{"graph": {"_type": "graph-file", "path": "media/graph/graph_summary_b26b436d.graph.json", "sha256": "b26b436de998f5af35c19950a76813af1cdcac44a68e8b7756747ef817a088e1", "size": 427}, "epoch": 18, "loss": 0.01037849485874176, "mse": 0.01037849485874176, "val_loss": 0.006975618656724691, "val_mse": 0.006975618656724691, "_runtime": 91, "_timestamp": 1618582901, "_step": 21, "best_val_loss": 0.006970745977014303, "best_epoch": 13, "mape": 134.57411094623606, "rmse": 0.3479816450224135, "mae": 0.22854417555982742}