{"graph": {"_type": "graph-file", "path": "media/graph/graph_summary_b26b436d.graph.json", "sha256": "b26b436de998f5af35c19950a76813af1cdcac44a68e8b7756747ef817a088e1", "size": 427}, "epoch": 9, "loss": 0.0029379171319305897, "mse": 0.0029379171319305897, "val_loss": 0.0012901904992759228, "val_mse": 0.0012901904992759228, "_runtime": 53, "_timestamp": 1618760052, "_step": 12, "best_val_loss": 0.001273763133212924, "best_epoch": 4, "mape": 139.19895601819, "rmse": 0.39652315603833194, "mae": 0.2523937989755122}