{"graph": {"_type": "graph-file", "path": "media/graph/graph_summary_b26b436d.graph.json", "sha256": "b26b436de998f5af35c19950a76813af1cdcac44a68e8b7756747ef817a088e1", "size": 427}, "epoch": 39, "loss": 0.005523483734577894, "mse": 0.00552348280325532, "val_loss": 0.0031839332077652216, "val_mse": 0.0031839332077652216, "_runtime": 135, "_timestamp": 1618761875, "_step": 42, "best_val_loss": 0.0031806938350200653, "best_epoch": 36, "mape": 143.5580476643605, "rmse": 0.35134181499952105, "mae": 0.2284645157686642}