{"graph": {"_type": "graph-file", "path": "media/graph/graph_summary_fa9655b5.graph.json", "sha256": "fa9655b54be85e8957eefd4b9ce51c3ca45f2c4f988a03b7623ba22da68c809f", "size": 427}, "epoch": 11, "loss": 0.006631570402532816, "mse": 0.006631570402532816, "val_loss": 0.005080787930637598, "val_mse": 0.005080787930637598, "_runtime": 30, "_timestamp": 1619599803, "_step": 14, "best_val_loss": 0.005057900678366423, "best_epoch": 6, "mape": 62.370583985331336, "rmse": 0.5692651102606261, "mae": 0.36006509725857255}