{"graph": {"_type": "graph-file", "path": "media/graph/graph_summary_fa9655b5.graph.json", "sha256": "fa9655b54be85e8957eefd4b9ce51c3ca45f2c4f988a03b7623ba22da68c809f", "size": 427}, "epoch": 6, "loss": 0.008876269683241844, "mse": 0.008876269683241844, "val_loss": 0.0076952483505010605, "val_mse": 0.007695247419178486, "_runtime": 21, "_timestamp": 1619599046, "_step": 9, "best_val_loss": 0.007666237186640501, "best_epoch": 1, "mape": 51.28246635149364, "rmse": 0.47160092853423813, "mae": 0.3046552826793655}