{"graph": {"_type": "graph-file", "path": "media/graph/graph_summary_b26b436d.graph.json", "sha256": "b26b436de998f5af35c19950a76813af1cdcac44a68e8b7756747ef817a088e1", "size": 427}, "epoch": 10, "loss": 0.007397100329399109, "mse": 0.007397100329399109, "val_loss": 0.004550147335976362, "val_mse": 0.004550147335976362, "_runtime": 44, "_timestamp": 1618583500, "_step": 13, "best_val_loss": 0.004512135870754719, "best_epoch": 5, "mape": 132.70511282962224, "rmse": 0.3570564064051045, "mae": 0.23369750560241387}