,mae,mape,rmse,B
0,20.137002379591433,205.78966315682362,32.56564296314145,0.0
1,8.753451562000395,31.843369346134104,12.809901336793573,1.0
2,,,,
3,,,,
4,,,,
5,,,,
6,,,,
7,,,,
8,,,,
9,,,,
10,,,,
11,,,,
12,,,,
13,,,,
14,,,,
15,,,,
16,,,,
17,,,,
18,,,,
19,,,,
20,,,,
21,,,,
22,,,,
23,,,,
24,,,,
25,,,,
26,,,,
27,,,,
