{"graph": {"_type": "graph-file", "path": "media/graph/graph_summary_fa9655b5.graph.json", "sha256": "fa9655b54be85e8957eefd4b9ce51c3ca45f2c4f988a03b7623ba22da68c809f", "size": 427}, "epoch": 9, "loss": 0.004633754026144743, "mse": 0.004633754026144743, "val_loss": 0.0040532671846449375, "val_mse": 0.0040532671846449375, "_runtime": 26, "_timestamp": 1619181376, "_step": 12, "best_val_loss": 0.004036671947687864, "best_epoch": 4, "mape": 44.144012102052045, "rmse": 0.6611414725299396, "mae": 0.40946013935865727}