{"graph": {"_type": "graph-file", "path": "media/graph/graph_summary_fa9655b5.graph.json", "sha256": "fa9655b54be85e8957eefd4b9ce51c3ca45f2c4f988a03b7623ba22da68c809f", "size": 427}, "epoch": 13, "loss": 0.005421358160674572, "mse": 0.005421358160674572, "val_loss": 0.005178642459213734, "val_mse": 0.005178642459213734, "_runtime": 34, "_timestamp": 1619387509, "_step": 16, "best_val_loss": 0.00517683569341898, "best_epoch": 8, "mape": 46.694364165209, "rmse": 0.6734459623828818, "mae": 0.414538085512213}