{"graph": {"_type": "graph-file", "path": "media/graph/graph_summary_b26b436d.graph.json", "sha256": "b26b436de998f5af35c19950a76813af1cdcac44a68e8b7756747ef817a088e1", "size": 427}, "epoch": 10, "loss": 0.006847768556326628, "mse": 0.006847768556326628, "val_loss": 0.004099417943507433, "val_mse": 0.004099417943507433, "_runtime": 56, "_timestamp": 1618582651, "_step": 13, "best_val_loss": 0.004082844592630863, "best_epoch": 5, "mape": 133.99007040970866, "rmse": 0.3455631569365835, "mae": 0.22623176350078006}