{"graph": {"_type": "graph-file", "path": "media/graph/graph_summary_fa9655b5.graph.json", "sha256": "fa9655b54be85e8957eefd4b9ce51c3ca45f2c4f988a03b7623ba22da68c809f", "size": 427}, "epoch": 26, "loss": 0.008118370547890663, "mse": 0.008118370547890663, "val_loss": 0.004419843200594187, "val_mse": 0.004419843666255474, "_runtime": 34, "_timestamp": 1618920976, "_step": 29, "best_val_loss": 0.004391883499920368, "best_epoch": 21, "mape": 129.22672670022374, "rmse": 0.3348189523298065, "mae": 0.21617869666718775}