{"graph": {"_type": "graph-file", "path": "media/graph/graph_summary_fa9655b5.graph.json", "sha256": "fa9655b54be85e8957eefd4b9ce51c3ca45f2c4f988a03b7623ba22da68c809f", "size": 427}, "epoch": 33, "loss": 0.0029338516760617495, "mse": 0.0029338516760617495, "val_loss": 0.0016890905098989606, "val_mse": 0.0016890905098989606, "_runtime": 46, "_timestamp": 1619532775, "_step": 36, "best_val_loss": 0.0016870517283678055, "best_epoch": 28, "mape": 77.312553911693, "rmse": 0.2915700963209594, "mae": 0.19058221745282436}