{"graph": {"_type": "graph-file", "path": "media/graph/graph_summary_fa9655b5.graph.json", "sha256": "fa9655b54be85e8957eefd4b9ce51c3ca45f2c4f988a03b7623ba22da68c809f", "size": 427}, "epoch": 9, "loss": 0.007405409123748541, "mse": 0.007405409123748541, "val_loss": 0.008056662045419216, "val_mse": 0.008056662045419216, "_runtime": 842, "_timestamp": 1618925752, "_step": 9, "best_val_loss": 0.008056662045419216, "best_epoch": 9}