{"graph": {"_type": "graph-file", "path": "media/graph/graph_summary_b26b436d.graph.json", "sha256": "b26b436de998f5af35c19950a76813af1cdcac44a68e8b7756747ef817a088e1", "size": 427}, "epoch": 16, "loss": 0.01028307806700468, "mse": 0.010283078998327255, "val_loss": 0.006192208733409643, "val_mse": 0.006192208733409643, "_runtime": 68, "_timestamp": 1618759529, "_step": 19, "best_val_loss": 0.0060590882785618305, "best_epoch": 11, "mape": 151.7478182103282, "rmse": 0.3693992838853281, "mae": 0.23996228743169049}