{"graph": {"_type": "graph-file", "path": "media/graph/graph_summary_b26b436d.graph.json", "sha256": "b26b436de998f5af35c19950a76813af1cdcac44a68e8b7756747ef817a088e1", "size": 427}, "epoch": 25, "loss": 0.006427360698580742, "mse": 0.006427360698580742, "val_loss": 0.004075561184436083, "val_mse": 0.004075561184436083, "_runtime": 126, "_timestamp": 1619521754, "_step": 28, "best_val_loss": 0.00406014546751976, "best_epoch": 20, "mape": 75.86380589686055, "rmse": 0.2978716025929147, "mae": 0.19619699686172928}