{"graph": {"_type": "graph-file", "path": "media/graph/graph_summary_d8262880.graph.json", "sha256": "d826288035e8e4a6b78e9043e5309bcaf74a6404eda8263e395d27e67a08b47a", "size": 446}, "epoch": 1, "loss": 0.007978755049407482, "mean_squared_error": 0.007978755049407482, "val_loss": 0.010437599383294582, "val_mean_squared_error": 0.010437598451972008, "_runtime": 150, "_timestamp": 1617985341, "_step": 1, "best_val_loss": 0.010437599383294582, "best_epoch": 1}