{"graph": {"_type": "graph-file", "path": "media/graph/graph_summary_fa9655b5.graph.json", "sha256": "fa9655b54be85e8957eefd4b9ce51c3ca45f2c4f988a03b7623ba22da68c809f", "size": 427}, "epoch": 39, "loss": 0.009296903386712074, "mse": 0.009296903386712074, "val_loss": 0.005874821916222572, "val_mse": 0.005874821916222572, "_runtime": 40, "_timestamp": 1618919666, "_step": 42, "best_val_loss": 0.005874821916222572, "best_epoch": 39, "mape": 85.74033566439151, "rmse": 0.3294040783766319, "mae": 0.210147755398626}