{"graph": {"_type": "graph-file", "path": "media/graph/graph_summary_b26b436d.graph.json", "sha256": "b26b436de998f5af35c19950a76813af1cdcac44a68e8b7756747ef817a088e1", "size": 427}, "epoch": 15, "loss": 0.007171787787228823, "mse": 0.007171787787228823, "val_loss": 0.0060223666951060295, "val_mse": 0.0060223666951060295, "_runtime": 107, "_timestamp": 1619537790, "_step": 18, "best_val_loss": 0.006003040354698896, "best_epoch": 10, "mape": 49.855423879403865, "rmse": 0.4740889830430542, "mae": 0.30557649778289286}