{"graph": {"_type": "graph-file", "path": "media/graph/graph_summary_b26b436d.graph.json", "sha256": "b26b436de998f5af35c19950a76813af1cdcac44a68e8b7756747ef817a088e1", "size": 427}, "epoch": 14, "loss": 0.01580415479838848, "mse": 0.01580415479838848, "val_loss": 0.021474944427609444, "val_mse": 0.021474944427609444, "_runtime": 215, "_timestamp": 1618865866, "_step": 14, "best_val_loss": 0.021258847787976265, "best_epoch": 9}