{"graph": {"_type": "graph-file", "path": "media/graph/graph_summary_b26b436d.graph.json", "sha256": "b26b436de998f5af35c19950a76813af1cdcac44a68e8b7756747ef817a088e1", "size": 427}, "epoch": 13, "loss": 0.010231966152787209, "mse": 0.010231965221464634, "val_loss": 0.010025938041508198, "val_mse": 0.010025938041508198, "_runtime": 49, "_timestamp": 1618764522, "_step": 16, "best_val_loss": 0.009979651309549809, "best_epoch": 8, "mape": 142.40395113046677, "rmse": 0.35772213481957266, "mae": 0.23497962653509855}