{"graph": {"_type": "graph-file", "path": "media/graph/graph_summary_b26b436d.graph.json", "sha256": "b26b436de998f5af35c19950a76813af1cdcac44a68e8b7756747ef817a088e1", "size": 427}, "epoch": 24, "loss": 0.006954428274184465, "mse": 0.006954428274184465, "val_loss": 0.005061098840087652, "val_mse": 0.0050610993057489395, "_runtime": 107, "_timestamp": 1618759934, "_step": 27, "best_val_loss": 0.005016719456762075, "best_epoch": 19, "mape": 140.08665028599864, "rmse": 0.406941885272139, "mae": 0.25899647308275847}