{"graph": {"_type": "graph-file", "path": "media/graph/graph_summary_fa9655b5.graph.json", "sha256": "fa9655b54be85e8957eefd4b9ce51c3ca45f2c4f988a03b7623ba22da68c809f", "size": 427}, "epoch": 39, "loss": 0.005618711933493614, "mse": 0.005618711933493614, "val_loss": 0.004228328354656696, "val_mse": 0.004228328354656696, "_runtime": 58, "_timestamp": 1619532423, "_step": 42, "best_val_loss": 0.004223458003252745, "best_epoch": 35, "mape": 73.09099773385377, "rmse": 0.2959536502996933, "mae": 0.19458652539058358}