{"graph": {"_type": "graph-file", "path": "media/graph/graph_summary_b26b436d.graph.json", "sha256": "b26b436de998f5af35c19950a76813af1cdcac44a68e8b7756747ef817a088e1", "size": 427}, "epoch": 37, "loss": 0.005723480600863695, "mse": 0.005723480600863695, "val_loss": 0.005102240946143866, "val_mse": 0.005102240946143866, "_runtime": 151, "_timestamp": 1618579701, "_step": 40, "best_val_loss": 0.005079276859760284, "best_epoch": 32, "mape": 150.04254614500653, "rmse": 0.37020173466909173, "mae": 0.23882840220803844}