{"graph": {"_type": "graph-file", "path": "media/graph/graph_summary_b26b436d.graph.json", "sha256": "b26b436de998f5af35c19950a76813af1cdcac44a68e8b7756747ef817a088e1", "size": 427}, "epoch": 12, "loss": 0.006891080643981695, "mse": 0.006891080643981695, "val_loss": 0.005049239378422499, "val_mse": 0.005049239378422499, "_runtime": 88, "_timestamp": 1619538771, "_step": 15, "best_val_loss": 0.005030658561736345, "best_epoch": 7, "mape": 66.6262502825703, "rmse": 0.5868337940283173, "mae": 0.37528455150410384}