{"graph": {"_type": "graph-file", "path": "media/graph/graph_summary_b26b436d.graph.json", "sha256": "b26b436de998f5af35c19950a76813af1cdcac44a68e8b7756747ef817a088e1", "size": 427}, "epoch": 17, "loss": 0.011077731847763062, "mse": 0.011077731847763062, "val_loss": 0.011202292516827583, "val_mse": 0.011202292516827583, "_runtime": 94, "_timestamp": 1618763948, "_step": 20, "best_val_loss": 0.0111548425629735, "best_epoch": 12, "mape": 141.78584300569324, "rmse": 0.3567501163276889, "mae": 0.23438247309596613}