,mape,rmse,B
0,3.3859650676010498,5.859510874904738,GEP1
1,1.3793245504826968,2.1354696652142895,GEP2
2,1.7324530694006117,2.9375559602856525,GEP4
