{"graph": {"_type": "graph-file", "path": "media/graph/graph_summary_fa9655b5.graph.json", "sha256": "fa9655b54be85e8957eefd4b9ce51c3ca45f2c4f988a03b7623ba22da68c809f", "size": 427}, "epoch": 39, "loss": 0.003962610848248005, "mse": 0.003962610848248005, "val_loss": 0.0031810712534934282, "val_mse": 0.0031810712534934282, "_runtime": 36, "_timestamp": 1619530691, "_step": 42, "best_val_loss": 0.0031791937071830034, "best_epoch": 37, "mape": 65.3530427937029, "rmse": 0.19248834489474023, "mae": 0.12024479133240963}