{"graph": {"_type": "graph-file", "path": "media/graph/graph_summary_fa9655b5.graph.json", "sha256": "fa9655b54be85e8957eefd4b9ce51c3ca45f2c4f988a03b7623ba22da68c809f", "size": 427}, "epoch": 5, "loss": 0.006957964040338993, "mse": 0.006957964040338993, "val_loss": 0.0028084779623895884, "val_mse": 0.0028084779623895884, "_runtime": 14, "_timestamp": 1618920505, "_step": 8, "best_val_loss": 0.002309313975274563, "best_epoch": 0, "mape": 120.01887870191287, "rmse": 0.3496388924209895, "mae": 0.22355215032148512}