{"graph": {"_type": "graph-file", "path": "media/graph/graph_summary_b26b436d.graph.json", "sha256": "b26b436de998f5af35c19950a76813af1cdcac44a68e8b7756747ef817a088e1", "size": 427}, "epoch": 9, "loss": 0.011069566942751408, "mse": 0.011069566942751408, "val_loss": 0.008184743113815784, "val_mse": 0.008184743113815784, "_runtime": 43, "_timestamp": 1618584865, "_step": 12, "best_val_loss": 0.00740701612085104, "best_epoch": 4, "mape": 141.90583872444753, "rmse": 0.3603492813694169, "mae": 0.2373080569224459}