{"graph": {"_type": "graph-file", "path": "media/graph/graph_summary_fa9655b5.graph.json", "sha256": "fa9655b54be85e8957eefd4b9ce51c3ca45f2c4f988a03b7623ba22da68c809f", "size": 427}, "epoch": 15, "loss": 0.006822786293923855, "mse": 0.006822786293923855, "val_loss": 0.004894493613392115, "val_mse": 0.004894493613392115, "_runtime": 18, "_timestamp": 1619531407, "_step": 18, "best_val_loss": 0.004849012941122055, "best_epoch": 10, "mape": 79.67034207403582, "rmse": 0.3135797290034912, "mae": 0.20665287652549483}