{"graph": {"_type": "graph-file", "path": "media/graph/graph_summary_fa9655b5.graph.json", "sha256": "fa9655b54be85e8957eefd4b9ce51c3ca45f2c4f988a03b7623ba22da68c809f", "size": 427}, "epoch": 17, "loss": 0.010211477056145668, "mse": 0.010211477987468243, "val_loss": 0.006376621779054403, "val_mse": 0.006376621779054403, "_runtime": 26, "_timestamp": 1618919973, "_step": 20, "best_val_loss": 0.006328413728624582, "best_epoch": 12, "mape": 145.37603027377955, "rmse": 0.36244077078778414, "mae": 0.2342727381351825}