{"graph": {"_type": "graph-file", "path": "media/graph/graph_summary_b26b436d.graph.json", "sha256": "b26b436de998f5af35c19950a76813af1cdcac44a68e8b7756747ef817a088e1", "size": 427}, "epoch": 12, "loss": 0.00659828120842576, "mse": 0.00659828120842576, "val_loss": 0.005810992326587439, "val_mse": 0.005810992326587439, "_runtime": 89, "_timestamp": 1619536151, "_step": 15, "best_val_loss": 0.0057794866152107716, "best_epoch": 7, "mape": 39.208331101880724, "rmse": 0.4833972561294762, "mae": 0.3152636736772294}