{"graph": {"_type": "graph-file", "path": "media/graph/graph_summary_fa9655b5.graph.json", "sha256": "fa9655b54be85e8957eefd4b9ce51c3ca45f2c4f988a03b7623ba22da68c809f", "size": 427}, "epoch": 39, "loss": 0.004177733790129423, "mse": 0.004177733790129423, "val_loss": 0.0027247851248830557, "val_mse": 0.0027247851248830557, "_runtime": 66, "_timestamp": 1619530584, "_step": 42, "best_val_loss": 0.002713369205594063, "best_epoch": 37, "mape": 60.3379141052557, "rmse": 0.23559648949377615, "mae": 0.1463699831133886}