{"graph": {"_type": "graph-file", "path": "media/graph/graph_summary_b26b436d.graph.json", "sha256": "b26b436de998f5af35c19950a76813af1cdcac44a68e8b7756747ef817a088e1", "size": 427}, "epoch": 6, "loss": 0.015466703101992607, "mse": 0.015466703101992607, "val_loss": 0.0007668142789043486, "val_mse": 0.0007668142789043486, "_runtime": 35, "_timestamp": 1619520931, "_step": 9, "best_val_loss": 0.0007011133711785078, "best_epoch": 1, "mape": 74.08198062656757, "rmse": 0.2862638431801694, "mae": 0.18942130399528084}