{"graph": {"_type": "graph-file", "path": "media/graph/graph_summary_fa9655b5.graph.json", "sha256": "fa9655b54be85e8957eefd4b9ce51c3ca45f2c4f988a03b7623ba22da68c809f", "size": 427}, "epoch": 8, "loss": 0.007086259312927723, "mse": 0.007086259312927723, "val_loss": 0.0043734656646847725, "val_mse": 0.0043734656646847725, "_runtime": 13, "_timestamp": 1619532593, "_step": 11, "best_val_loss": 0.0042307572439312935, "best_epoch": 3, "mape": 76.16570721969826, "rmse": 0.29705546963666696, "mae": 0.19549830340056315}