{"graph": {"_type": "graph-file", "path": "media/graph/graph_summary_fa9655b5.graph.json", "sha256": "fa9655b54be85e8957eefd4b9ce51c3ca45f2c4f988a03b7623ba22da68c809f", "size": 427}, "epoch": 39, "loss": 0.007360758725553751, "mse": 0.007360758725553751, "val_loss": 0.004672404378652573, "val_mse": 0.004672404378652573, "_runtime": 45, "_timestamp": 1618919717, "_step": 42, "best_val_loss": 0.004672404378652573, "best_epoch": 39, "mape": 137.76963587398168, "rmse": 0.31477919742856025, "mae": 0.19995860020016465}