{"graph": {"_type": "graph-file", "path": "media/graph/graph_summary_fa9655b5.graph.json", "sha256": "fa9655b54be85e8957eefd4b9ce51c3ca45f2c4f988a03b7623ba22da68c809f", "size": 427}, "epoch": 15, "loss": 0.006822786293923855, "mse": 0.006822786293923855, "val_loss": 0.004894493613392115, "val_mse": 0.004894493613392115, "_runtime": 20, "_timestamp": 1618920210, "_step": 18, "best_val_loss": 0.004849012941122055, "best_epoch": 10, "mape": 132.25632571799179, "rmse": 0.3967050081922185, "mae": 0.2519720189845471}