{"graph": {"_type": "graph-file", "path": "media/graph/graph_summary_567b7228.graph.json", "sha256": "567b7228a9575f08492a183e699d766a3131dd40037fa4d74c9c057e380fee5a", "size": 708}, "epoch": 19, "loss": 0.011682831682264805, "mse": 0.011682831682264805, "val_loss": 0.019429929554462433, "val_mse": 0.019429929554462433, "_runtime": 3096, "_timestamp": 1618406407, "_step": 22, "best_val_loss": 0.01898009702563286, "best_epoch": 18, "mape": 95.27658675044637, "rmse": 16.769226055895007, "mae": 11.469084610114624}