{"graph": {"_type": "graph-file", "path": "media/graph/graph_summary_b26b436d.graph.json", "sha256": "b26b436de998f5af35c19950a76813af1cdcac44a68e8b7756747ef817a088e1", "size": 427}, "epoch": 32, "loss": 0.019041456282138824, "mse": 0.019041456282138824, "val_loss": 0.02075214497745037, "val_mse": 0.02075214497745037, "_runtime": 136, "_timestamp": 1618582175, "_step": 35, "best_val_loss": 0.020572880282998085, "best_epoch": 27, "mape": 141.36378098969212, "rmse": 0.34437437711217583, "mae": 0.2238995899113129}