{"graph": {"_type": "graph-file", "path": "media/graph/graph_summary_fa9655b5.graph.json", "sha256": "fa9655b54be85e8957eefd4b9ce51c3ca45f2c4f988a03b7623ba22da68c809f", "size": 427}, "epoch": 37, "loss": 0.010933883488178253, "mse": 0.010933882556855679, "val_loss": 0.014386654831469059, "val_mse": 0.014386654831469059, "_runtime": 353, "_timestamp": 1618841016, "_step": 40, "best_val_loss": 0.014252056367695332, "best_epoch": 32, "mape": 71.18460617269913, "rmse": 14.54035436530363, "mae": 9.643619259911194}