{"graph": {"_type": "graph-file", "path": "media/graph/graph_summary_b26b436d.graph.json", "sha256": "b26b436de998f5af35c19950a76813af1cdcac44a68e8b7756747ef817a088e1", "size": 427}, "epoch": 16, "loss": 0.005771597847342491, "mse": 0.005771597847342491, "val_loss": 0.0029621769208461046, "val_mse": 0.0029621769208461046, "_runtime": 69, "_timestamp": 1619521003, "_step": 19, "best_val_loss": 0.0029422708321362734, "best_epoch": 11, "mape": 73.99345714687125, "rmse": 0.2857544257375771, "mae": 0.1885406805571281}