{"graph": {"_type": "graph-file", "path": "media/graph/graph_summary_fa9655b5.graph.json", "sha256": "fa9655b54be85e8957eefd4b9ce51c3ca45f2c4f988a03b7623ba22da68c809f", "size": 427}, "epoch": 8, "loss": 0.0027337665669620037, "mse": 0.0027337665669620037, "val_loss": 0.0008601373410783708, "val_mse": 0.0008601373410783708, "_runtime": 18, "_timestamp": 1618922355, "_step": 11, "best_val_loss": 0.0008431685855612159, "best_epoch": 3, "mape": 135.3726636457436, "rmse": 0.37371387960890917, "mae": 0.24421438240012133}