{"graph": {"_type": "graph-file", "path": "media/graph/graph_summary_b26b436d.graph.json", "sha256": "b26b436de998f5af35c19950a76813af1cdcac44a68e8b7756747ef817a088e1", "size": 427}, "epoch": 18, "loss": 0.0021609016694128513, "mse": 0.0021609016694128513, "val_loss": 0.001956054475158453, "val_mse": 0.0019560547079890966, "_runtime": 77, "_timestamp": 1618578089, "_step": 21, "best_val_loss": 0.0019205178832635283, "best_epoch": 13, "mape": 65.18693176849168, "rmse": 0.25485692023808715, "mae": 0.1507357237624489}