{"graph": {"_type": "graph-file", "path": "media/graph/graph_summary_fa9655b5.graph.json", "sha256": "fa9655b54be85e8957eefd4b9ce51c3ca45f2c4f988a03b7623ba22da68c809f", "size": 427}, "epoch": 39, "loss": 0.002367717446759343, "mse": 0.002367717446759343, "val_loss": 0.0032595533411949873, "val_mse": 0.0032595533411949873, "_runtime": 100, "_timestamp": 1619180636, "_step": 42, "best_val_loss": 0.0032595533411949873, "best_epoch": 39, "mape": 27.574160344524124, "rmse": 1.4083262442903723, "mae": 0.8425924585848026}