{"graph": {"_type": "graph-file", "path": "media/graph/graph_summary_b26b436d.graph.json", "sha256": "b26b436de998f5af35c19950a76813af1cdcac44a68e8b7756747ef817a088e1", "size": 427}, "epoch": 11, "loss": 0.01768863946199417, "mse": 0.01768863946199417, "val_loss": 0.01901158131659031, "val_mse": 0.01901158131659031, "_runtime": 49, "_timestamp": 1619508231, "_step": 14, "best_val_loss": 0.018792228773236275, "best_epoch": 6, "mape": 34.21322865700029, "rmse": 12.68681793920734, "mae": 9.082825471360684}