{"graph": {"_type": "graph-file", "path": "media/graph/graph_summary_fa9655b5.graph.json", "sha256": "fa9655b54be85e8957eefd4b9ce51c3ca45f2c4f988a03b7623ba22da68c809f", "size": 427}, "epoch": 12, "loss": 0.011647583916783333, "mse": 0.011647583916783333, "val_loss": 0.005799063481390476, "val_mse": 0.005799063481390476, "_runtime": 18, "_timestamp": 1619533169, "_step": 15, "best_val_loss": 0.005775013938546181, "best_epoch": 7, "mape": 76.98096215894498, "rmse": 0.31948642928868315, "mae": 0.20928773326893516}