{"graph": {"_type": "graph-file", "path": "media/graph/graph_summary_fa9655b5.graph.json", "sha256": "fa9655b54be85e8957eefd4b9ce51c3ca45f2c4f988a03b7623ba22da68c809f", "size": 427}, "epoch": 10, "loss": 0.004018810577690601, "mse": 0.004018810577690601, "val_loss": 0.002741336589679122, "val_mse": 0.002741336589679122, "_runtime": 13, "_timestamp": 1619530651, "_step": 13, "best_val_loss": 0.0027211736887693405, "best_epoch": 5, "mape": 72.4891398729744, "rmse": 0.1745190010106652, "mae": 0.10901915431317162}