{"graph": {"_type": "graph-file", "path": "media/graph/graph_summary_fa9655b5.graph.json", "sha256": "fa9655b54be85e8957eefd4b9ce51c3ca45f2c4f988a03b7623ba22da68c809f", "size": 427}, "epoch": 31, "loss": 0.003483629086986184, "mse": 0.003483629086986184, "val_loss": 0.0020362883806228638, "val_mse": 0.0020362883806228638, "_runtime": 30, "_timestamp": 1618922017, "_step": 34, "best_val_loss": 0.002018169965595007, "best_epoch": 26, "mape": 125.71105459947333, "rmse": 0.3602984438018529, "mae": 0.23402878739666458}