{"graph": {"_type": "graph-file", "path": "media/graph/graph_summary_fa9655b5.graph.json", "sha256": "fa9655b54be85e8957eefd4b9ce51c3ca45f2c4f988a03b7623ba22da68c809f", "size": 427}, "epoch": 35, "loss": 0.0070718745701014996, "mse": 0.0070718745701014996, "val_loss": 0.007806781213730574, "val_mse": 0.007806781213730574, "_runtime": 5645, "_timestamp": 1618930555, "_step": 38, "best_val_loss": 0.007626771926879883, "best_epoch": 25, "mape": 117.19393629883066, "rmse": 0.37062104297904686, "mae": 0.23129716880130752}