{"graph": {"_type": "graph-file", "path": "media/graph/graph_summary_fa9655b5.graph.json", "sha256": "fa9655b54be85e8957eefd4b9ce51c3ca45f2c4f988a03b7623ba22da68c809f", "size": 427}, "epoch": 20, "loss": 0.003993008751422167, "mse": 0.003993008751422167, "val_loss": 0.0019937821198254824, "val_mse": 0.0019937821198254824, "_runtime": 26, "_timestamp": 1619532147, "_step": 23, "best_val_loss": 0.001988717820495367, "best_epoch": 15, "mape": 72.45618403893208, "rmse": 0.28014960511708187, "mae": 0.18397114239573728}