{"graph": {"_type": "graph-file", "path": "media/graph/graph_summary_b26b436d.graph.json", "sha256": "b26b436de998f5af35c19950a76813af1cdcac44a68e8b7756747ef817a088e1", "size": 427}, "epoch": 6, "loss": 0.00667011272162199, "mse": 0.00667011272162199, "val_loss": 0.005616192705929279, "val_mse": 0.005616192705929279, "_runtime": 35, "_timestamp": 1619521583, "_step": 9, "best_val_loss": 0.005567027255892754, "best_epoch": 1, "mape": 75.23767568060374, "rmse": 0.2975364634004696, "mae": 0.19640210525245888}