{"graph": {"_type": "graph-file", "path": "media/graph/graph_summary_fa9655b5.graph.json", "sha256": "fa9655b54be85e8957eefd4b9ce51c3ca45f2c4f988a03b7623ba22da68c809f", "size": 427}, "epoch": 20, "loss": 0.0062898932956159115, "mse": 0.0062898932956159115, "val_loss": 0.005728522315621376, "val_mse": 0.005728522315621376, "_runtime": 51, "_timestamp": 1619130492, "_step": 23, "best_val_loss": 0.005670174024999142, "best_epoch": 15, "mape": 37.19428528908212, "rmse": 0.774174512174483, "mae": 0.48347489773002567}