,mae,mape,rmse,B
0,12.799887178137002,46.63251575312878,18.344367412380905,GEP1
1,6.198760747619061,23.897851751959585,9.383135286204569,GEP4
2,,,,
3,,,,
4,,,,
5,,,,
6,,,,
7,,,,
8,,,,
9,,,,
10,,,,
11,,,,
12,,,,
13,,,,
14,,,,
15,,,,
16,,,,
17,,,,
18,,,,
19,,,,
20,,,,
21,,,,
22,,,,
23,,,,
24,,,,
25,,,,
26,,,,
27,,,,
