{"graph": {"_type": "graph-file", "path": "media/graph/graph_summary_fa9655b5.graph.json", "sha256": "fa9655b54be85e8957eefd4b9ce51c3ca45f2c4f988a03b7623ba22da68c809f", "size": 427}, "epoch": 33, "loss": 0.008924109861254692, "mse": 0.008924109861254692, "val_loss": 0.009722535498440266, "val_mse": 0.009722535498440266, "_runtime": 32, "_timestamp": 1618921927, "_step": 36, "best_val_loss": 0.009698176756501198, "best_epoch": 28, "mape": 128.21687871840376, "rmse": 0.3466769755374853, "mae": 0.22426827709864797}