{"graph": {"_type": "graph-file", "path": "media/graph/graph_summary_fa9655b5.graph.json", "sha256": "fa9655b54be85e8957eefd4b9ce51c3ca45f2c4f988a03b7623ba22da68c809f", "size": 427}, "epoch": 37, "loss": 0.006493325345218182, "mse": 0.006493325345218182, "val_loss": 0.004214680753648281, "val_mse": 0.004214680753648281, "_runtime": 46, "_timestamp": 1619531156, "_step": 40, "best_val_loss": 0.004173142835497856, "best_epoch": 32, "mape": 79.16672464624368, "rmse": 0.30932193579605, "mae": 0.2061035159119999}