{"graph": {"_type": "graph-file", "path": "media/graph/graph_summary_fa9655b5.graph.json", "sha256": "fa9655b54be85e8957eefd4b9ce51c3ca45f2c4f988a03b7623ba22da68c809f", "size": 427}, "epoch": 25, "loss": 0.003328991122543812, "mse": 0.003328991122543812, "val_loss": 0.0019601217936724424, "val_mse": 0.0019601217936724424, "_runtime": 54, "_timestamp": 1619385789, "_step": 28, "best_val_loss": 0.0019590132869780064, "best_epoch": 20, "mape": 45.899987388235076, "rmse": 0.6886390733363034, "mae": 0.4255670095341293}