{"graph": {"_type": "graph-file", "path": "media/graph/graph_summary_fa9655b5.graph.json", "sha256": "fa9655b54be85e8957eefd4b9ce51c3ca45f2c4f988a03b7623ba22da68c809f", "size": 427}, "epoch": 17, "loss": 0.010211477056145668, "mse": 0.010211477987468243, "val_loss": 0.006376621779054403, "val_mse": 0.006376621779054403, "_runtime": 24, "_timestamp": 1619531184, "_step": 20, "best_val_loss": 0.006328413728624582, "best_epoch": 12, "mape": 78.69016985321862, "rmse": 0.3065325184954798, "mae": 0.2036263612981172}