{"graph": {"_type": "graph-file", "path": "media/graph/graph_summary_b26b436d.graph.json", "sha256": "b26b436de998f5af35c19950a76813af1cdcac44a68e8b7756747ef817a088e1", "size": 427}, "epoch": 0, "loss": 0.009831411764025688, "mse": 0.009831411764025688, "val_loss": 0.009211036376655102, "val_mse": 0.009211036376655102, "_runtime": 257, "_timestamp": 1618818193, "_step": 0, "best_val_loss": 0.009211036376655102, "best_epoch": 0}