,mae,mape,rmse,B
0,11.909901992684496,44.6420485282763,16.561072255409115,GEP1
1,6.25574895003687,23.784408785724292,8.812563623005568,GEP4
2,,,,
3,,,,
4,,,,
5,,,,
6,,,,
7,,,,
8,,,,
9,,,,
10,,,,
11,,,,
12,,,,
13,,,,
14,,,,
15,,,,
16,,,,
17,,,,
18,,,,
19,,,,
20,,,,
21,,,,
22,,,,
23,,,,
24,,,,
25,,,,
26,,,,
27,,,,
