{"graph": {"_type": "graph-file", "path": "media/graph/graph_summary_fa9655b5.graph.json", "sha256": "fa9655b54be85e8957eefd4b9ce51c3ca45f2c4f988a03b7623ba22da68c809f", "size": 427}, "epoch": 25, "loss": 0.008692500181496143, "mse": 0.008692501112818718, "val_loss": 0.00582566112279892, "val_mse": 0.00582566112279892, "_runtime": 29, "_timestamp": 1618919871, "_step": 28, "best_val_loss": 0.005814635660499334, "best_epoch": 20, "mape": 151.35563690850137, "rmse": 0.3564940832447692, "mae": 0.2351921616347905}