{"graph": {"_type": "graph-file", "path": "media/graph/graph_summary_b26b436d.graph.json", "sha256": "b26b436de998f5af35c19950a76813af1cdcac44a68e8b7756747ef817a088e1", "size": 427}, "epoch": 8, "loss": 0.005588832776993513, "mse": 0.005588832776993513, "val_loss": 0.006923348642885685, "val_mse": 0.006923348642885685, "_runtime": 59, "_timestamp": 1618765055, "_step": 11, "best_val_loss": 0.006878082174807787, "best_epoch": 3, "mape": 137.20745890043645, "rmse": 0.38106013222977847, "mae": 0.2500840357156684}