{"graph": {"_type": "graph-file", "path": "media/graph/graph_summary_b26b436d.graph.json", "sha256": "b26b436de998f5af35c19950a76813af1cdcac44a68e8b7756747ef817a088e1", "size": 427}, "epoch": 15, "loss": 0.0072022490203380585, "mse": 0.0072022490203380585, "val_loss": 0.006046617403626442, "val_mse": 0.006046617403626442, "_runtime": 110, "_timestamp": 1619390782, "_step": 18, "best_val_loss": 0.006031402386724949, "best_epoch": 10, "mape": 48.448751393596275, "rmse": 0.6471710336029738, "mae": 0.4078725176070419}