{"graph": {"_type": "graph-file", "path": "media/graph/graph_summary_b26b436d.graph.json", "sha256": "b26b436de998f5af35c19950a76813af1cdcac44a68e8b7756747ef817a088e1", "size": 427}, "epoch": 25, "loss": 0.0065142004750669, "mse": 0.0065142004750669, "val_loss": 0.0016155301127582788, "val_mse": 0.0016155301127582788, "_runtime": 106, "_timestamp": 1618578561, "_step": 28, "best_val_loss": 0.0015535843558609486, "best_epoch": 20, "mape": 82.55150753210971, "rmse": 0.2954765668818311, "mae": 0.1855138611922333}