{"graph": {"_type": "graph-file", "path": "media/graph/graph_summary_b26b436d.graph.json", "sha256": "b26b436de998f5af35c19950a76813af1cdcac44a68e8b7756747ef817a088e1", "size": 427}, "epoch": 31, "loss": 0.00848646555095911, "mse": 0.00848646555095911, "val_loss": 0.00442491052672267, "val_mse": 0.004424910992383957, "_runtime": 109, "_timestamp": 1619520792, "_step": 34, "best_val_loss": 0.004375808872282505, "best_epoch": 26, "mape": 74.14892670219265, "rmse": 0.2848879206784995, "mae": 0.1879098042299741}