{"graph": {"_type": "graph-file", "path": "media/graph/graph_summary_fa9655b5.graph.json", "sha256": "fa9655b54be85e8957eefd4b9ce51c3ca45f2c4f988a03b7623ba22da68c809f", "size": 427}, "epoch": 7, "loss": 0.01015825942158699, "mse": 0.010158258490264416, "val_loss": 0.007172878365963697, "val_mse": 0.007172878365963697, "_runtime": 13, "_timestamp": 1619531535, "_step": 10, "best_val_loss": 0.0070571391843259335, "best_epoch": 2, "mape": 77.43561575282816, "rmse": 0.2919523299729688, "mae": 0.19091557655742966}