{"graph": {"_type": "graph-file", "path": "media/graph/graph_summary_b26b436d.graph.json", "sha256": "b26b436de998f5af35c19950a76813af1cdcac44a68e8b7756747ef817a088e1", "size": 427}, "epoch": 39, "loss": 0.006833700463175774, "mse": 0.006833700463175774, "val_loss": 0.0028312858194112778, "val_mse": 0.0028312858194112778, "_runtime": 141, "_timestamp": 1619517375, "_step": 42, "best_val_loss": 0.0028170470613986254, "best_epoch": 36, "mape": 69.33154710531693, "rmse": 0.22819154972652766, "mae": 0.14736423810104354}