{"graph": {"_type": "graph-file", "path": "media/graph/graph_summary_fa9655b5.graph.json", "sha256": "fa9655b54be85e8957eefd4b9ce51c3ca45f2c4f988a03b7623ba22da68c809f", "size": 427}, "epoch": 39, "loss": 0.004265246447175741, "mse": 0.004265246447175741, "val_loss": 0.00696647260338068, "val_mse": 0.00696647260338068, "_runtime": 46, "_timestamp": 1618922593, "_step": 42, "best_val_loss": 0.00696647260338068, "best_epoch": 39, "mape": 132.3254822770647, "rmse": 0.3752687440741428, "mae": 0.24371135468295904}