{"graph": {"_type": "graph-file", "path": "media/graph/graph_summary_b26b436d.graph.json", "sha256": "b26b436de998f5af35c19950a76813af1cdcac44a68e8b7756747ef817a088e1", "size": 427}, "epoch": 4, "loss": 0.006795037537813187, "mse": 0.006795037537813187, "mape": 1666876.375, "val_loss": 0.009742065332829952, "val_mse": 0.009742065332829952, "val_mape": 728781.3125, "_runtime": 1184, "_timestamp": 1618316201, "_step": 4, "best_val_loss": 0.009742065332829952, "best_epoch": 4}