{"graph": {"_type": "graph-file", "path": "media/graph/graph_summary_fa9655b5.graph.json", "sha256": "fa9655b54be85e8957eefd4b9ce51c3ca45f2c4f988a03b7623ba22da68c809f", "size": 427}, "epoch": 10, "loss": 0.0051284655928611755, "mse": 0.0051284655928611755, "val_loss": 0.0004925564862787724, "val_mse": 0.0004925564862787724, "_runtime": 22, "_timestamp": 1619181402, "_step": 13, "best_val_loss": 0.00046291021862998605, "best_epoch": 5, "mape": 49.63035424480021, "rmse": 0.7060476826678064, "mae": 0.4367524558977703}