,mae,mape,rmse,B
0,15.852473596413619,164.88719991575087,22.504354244215552,GEP1
1,7.624510906434163,28.86251771280004,10.1899964079595,GEP4
2,,,,
3,,,,
4,,,,
5,,,,
6,,,,
7,,,,
8,,,,
9,,,,
10,,,,
11,,,,
12,,,,
13,,,,
14,,,,
15,,,,
16,,,,
17,,,,
18,,,,
19,,,,
20,,,,
21,,,,
22,,,,
23,,,,
24,,,,
25,,,,
26,,,,
27,,,,
