{"graph": {"_type": "graph-file", "path": "media/graph/graph_summary_fa9655b5.graph.json", "sha256": "fa9655b54be85e8957eefd4b9ce51c3ca45f2c4f988a03b7623ba22da68c809f", "size": 427}, "epoch": 14, "loss": 0.005914037115871906, "mse": 0.005914037115871906, "val_loss": 0.00630986038595438, "val_mse": 0.00630986038595438, "_runtime": 11, "_timestamp": 1619599678, "_step": 17, "best_val_loss": 0.006263406947255135, "best_epoch": 9, "mape": 56.766196811671804, "rmse": 0.5743269157972596, "mae": 0.36440816061690057}