,mae,mape,rmse,B
0,12.980623768597821,45.107486661746265,18.364876939074588,GEP1
1,5.6001997329982265,20.80208577892075,8.847971707622671,GEP4
2,,,,
3,,,,
4,,,,
5,,,,
6,,,,
7,,,,
8,,,,
9,,,,
10,,,,
11,,,,
12,,,,
13,,,,
14,,,,
15,,,,
16,,,,
17,,,,
18,,,,
19,,,,
20,,,,
21,,,,
22,,,,
23,,,,
24,,,,
25,,,,
26,,,,
27,,,,
