{"graph": {"_type": "graph-file", "path": "media/graph/graph_summary_b26b436d.graph.json", "sha256": "b26b436de998f5af35c19950a76813af1cdcac44a68e8b7756747ef817a088e1", "size": 427}, "epoch": 38, "loss": 0.006138729862868786, "mse": 0.006138729862868786, "val_loss": 0.00663358299061656, "val_mse": 0.00663358299061656, "_runtime": 289, "_timestamp": 1619388875, "_step": 41, "best_val_loss": 0.006618103478103876, "best_epoch": 33, "mape": 42.2533811988141, "rmse": 0.8972213312691013, "mae": 0.5560415144175973}