{"graph": {"_type": "graph-file", "path": "media/graph/graph_summary_b26b436d.graph.json", "sha256": "b26b436de998f5af35c19950a76813af1cdcac44a68e8b7756747ef817a088e1", "size": 427}, "epoch": 34, "loss": 0.0047567314468324184, "mse": 0.0047567314468324184, "val_loss": 0.00389061588793993, "val_mse": 0.00389061588793993, "_runtime": 119, "_timestamp": 1618757905, "_step": 37, "best_val_loss": 0.0038768434897065163, "best_epoch": 29, "mape": 66.71849577850112, "rmse": 0.29206333297413234, "mae": 0.15522762686349378}