{"graph": {"_type": "graph-file", "path": "media/graph/graph_summary_b26b436d.graph.json", "sha256": "b26b436de998f5af35c19950a76813af1cdcac44a68e8b7756747ef817a088e1", "size": 427}, "epoch": 6, "loss": 0.005659244954586029, "mse": 0.005659244954586029, "val_loss": 0.04860819876194, "val_mse": 0.04860819876194, "_runtime": 22, "_timestamp": 1619538901, "_step": 9, "best_val_loss": 0.04566122218966484, "best_epoch": 1, "mape": 68.25260453349323, "rmse": 0.5922623295910125, "mae": 0.3804408113674975}