{"graph": {"_type": "graph-file", "path": "media/graph/graph_summary_fa9655b5.graph.json", "sha256": "fa9655b54be85e8957eefd4b9ce51c3ca45f2c4f988a03b7623ba22da68c809f", "size": 427}, "epoch": 61, "loss": 0.008939612656831741, "mse": 0.008939612656831741, "val_loss": 0.007270487491041422, "val_mse": 0.007270487491041422, "_runtime": 132, "_timestamp": 1619598800, "_step": 64, "best_val_loss": 0.007231210824102163, "best_epoch": 56, "mape": 41.31615253441672, "rmse": 0.4522297531145842, "mae": 0.2827800135298966}