{"graph": {"_type": "graph-file", "path": "media/graph/graph_summary_b26b436d.graph.json", "sha256": "b26b436de998f5af35c19950a76813af1cdcac44a68e8b7756747ef817a088e1", "size": 427}, "epoch": 8, "loss": 0.008399617858231068, "mse": 0.008399617858231068, "val_loss": 0.006274370476603508, "val_mse": 0.006274370476603508, "_runtime": 15, "_timestamp": 1619391906, "_step": 11, "best_val_loss": 0.006202644668519497, "best_epoch": 3, "mape": 64.01967707695617, "rmse": 0.6882235826078323, "mae": 0.4337532986199363}