{"graph": {"_type": "graph-file", "path": "media/graph/graph_summary_b26b436d.graph.json", "sha256": "b26b436de998f5af35c19950a76813af1cdcac44a68e8b7756747ef817a088e1", "size": 427}, "epoch": 39, "loss": 0.005701624322682619, "mse": 0.005701624322682619, "val_loss": 0.003947961609810591, "val_mse": 0.003947961609810591, "_runtime": 115, "_timestamp": 1618583959, "_step": 42, "best_val_loss": 0.003947961609810591, "best_epoch": 39, "mape": 140.68625981189524, "rmse": 0.35223750902769096, "mae": 0.22977248067491404}