{"graph": {"_type": "graph-file", "path": "media/graph/graph_summary_b26b436d.graph.json", "sha256": "b26b436de998f5af35c19950a76813af1cdcac44a68e8b7756747ef817a088e1", "size": 427}, "epoch": 5, "loss": 0.009360898286104202, "mse": 0.009360898286104202, "val_loss": 0.0232028029859066, "val_mse": 0.0232028029859066, "_runtime": 18, "_timestamp": 1618765137, "_step": 8, "best_val_loss": 0.01685243658721447, "best_epoch": 0, "mape": 135.11650708875456, "rmse": 0.3759493846260822, "mae": 0.24690803150868956}