{"graph": {"_type": "graph-file", "path": "media/graph/graph_summary_fa9655b5.graph.json", "sha256": "fa9655b54be85e8957eefd4b9ce51c3ca45f2c4f988a03b7623ba22da68c809f", "size": 427}, "epoch": 28, "loss": 0.005622847471386194, "mse": 0.005622847471386194, "val_loss": 0.006029949523508549, "val_mse": 0.006029949523508549, "_runtime": 26, "_timestamp": 1619533224, "_step": 31, "best_val_loss": 0.00595164205878973, "best_epoch": 23, "mape": 75.97443457657909, "rmse": 0.3190840149055055, "mae": 0.20865738681142604}