{"graph": {"_type": "graph-file", "path": "media/graph/graph_summary_b26b436d.graph.json", "sha256": "b26b436de998f5af35c19950a76813af1cdcac44a68e8b7756747ef817a088e1", "size": 427}, "epoch": 39, "loss": 0.009702363051474094, "mse": 0.009702363051474094, "val_loss": 0.0058266655541956425, "val_mse": 0.0058266655541956425, "_runtime": 184, "_timestamp": 1618585910, "_step": 42, "best_val_loss": 0.0058266655541956425, "best_epoch": 39, "mape": 153.28576554921207, "rmse": 0.39160495214565083, "mae": 0.2595620403669988}