{"graph": {"_type": "graph-file", "path": "media/graph/graph_summary_fa9655b5.graph.json", "sha256": "fa9655b54be85e8957eefd4b9ce51c3ca45f2c4f988a03b7623ba22da68c809f", "size": 427}, "epoch": 23, "loss": 0.011956250295042992, "mse": 0.011956250295042992, "val_loss": 0.013621469959616661, "val_mse": 0.013621469959616661, "_runtime": 32, "_timestamp": 1619430253, "_step": 26, "best_val_loss": 0.013496221043169498, "best_epoch": 18, "mape": 124.62887979515776, "rmse": 17.52011686005842, "mae": 12.544216286581968}