{"graph": {"_type": "graph-file", "path": "media/graph/graph_summary_b26b436d.graph.json", "sha256": "b26b436de998f5af35c19950a76813af1cdcac44a68e8b7756747ef817a088e1", "size": 427}, "epoch": 39, "loss": 0.008975566364824772, "mse": 0.008975566364824772, "val_loss": 0.005761542823165655, "val_mse": 0.005761542823165655, "_runtime": 102, "_timestamp": 1619518125, "_step": 42, "best_val_loss": 0.005757276900112629, "best_epoch": 36, "mape": 80.11832741165541, "rmse": 0.3069749605775863, "mae": 0.20714389198817815}