{"graph": {"_type": "graph-file", "path": "media/graph/graph_summary_fa9655b5.graph.json", "sha256": "fa9655b54be85e8957eefd4b9ce51c3ca45f2c4f988a03b7623ba22da68c809f", "size": 427}, "epoch": 9, "loss": 0.004226252436637878, "mse": 0.004226252436637878, "val_loss": 0.0017871324671432376, "val_mse": 0.0017871324671432376, "_runtime": 18, "_timestamp": 1618922458, "_step": 12, "best_val_loss": 0.0017818406922742724, "best_epoch": 4, "mape": 133.15805883164575, "rmse": 0.37134231133278084, "mae": 0.24173702746643128}