{"graph": {"_type": "graph-file", "path": "media/graph/graph_summary_fa9655b5.graph.json", "sha256": "fa9655b54be85e8957eefd4b9ce51c3ca45f2c4f988a03b7623ba22da68c809f", "size": 427}, "epoch": 13, "loss": 0.005479194223880768, "mse": 0.005479194223880768, "val_loss": 0.0031916440930217505, "val_mse": 0.0031916440930217505, "_runtime": 31, "_timestamp": 1619599022, "_step": 16, "best_val_loss": 0.003128813346847892, "best_epoch": 8, "mape": 49.62900727939571, "rmse": 0.4620028256279671, "mae": 0.29978224995536623}