{"graph": {"_type": "graph-file", "path": "media/graph/graph_summary_fa9655b5.graph.json", "sha256": "fa9655b54be85e8957eefd4b9ce51c3ca45f2c4f988a03b7623ba22da68c809f", "size": 427}, "epoch": 18, "loss": 0.007359117269515991, "mse": 0.007359117269515991, "val_loss": 0.005833785980939865, "val_mse": 0.005833785980939865, "_runtime": 44, "_timestamp": 1619387557, "_step": 21, "best_val_loss": 0.005778314080089331, "best_epoch": 13, "mape": 48.77411998895752, "rmse": 0.6429200293475775, "mae": 0.3981532338139777}