{"graph": {"_type": "graph-file", "path": "media/graph/graph_summary_fa9655b5.graph.json", "sha256": "fa9655b54be85e8957eefd4b9ce51c3ca45f2c4f988a03b7623ba22da68c809f", "size": 427}, "epoch": 22, "loss": 0.005337715148925781, "mse": 0.005337714683264494, "val_loss": 0.00518599059432745, "val_mse": 0.00518599059432745, "_runtime": 53, "_timestamp": 1619599148, "_step": 25, "best_val_loss": 0.0051652295514941216, "best_epoch": 17, "mape": 51.53498275841044, "rmse": 0.47282870142167077, "mae": 0.30507524149788073}