{"graph": {"_type": "graph-file", "path": "media/graph/graph_summary_b26b436d.graph.json", "sha256": "b26b436de998f5af35c19950a76813af1cdcac44a68e8b7756747ef817a088e1", "size": 427}, "epoch": 39, "loss": 0.010044597089290619, "mse": 0.010044597089290619, "val_loss": 0.006883823312819004, "val_mse": 0.006883823312819004, "_runtime": 144, "_timestamp": 1619519360, "_step": 42, "best_val_loss": 0.00684692757204175, "best_epoch": 35, "mape": 78.39073097459463, "rmse": 0.2954069185169453, "mae": 0.1932953687968507}