{"graph": {"_type": "graph-file", "path": "media/graph/graph_summary_b26b436d.graph.json", "sha256": "b26b436de998f5af35c19950a76813af1cdcac44a68e8b7756747ef817a088e1", "size": 427}, "epoch": 39, "loss": 0.005816442426294088, "mse": 0.005816442426294088, "val_loss": 0.004288662690669298, "val_mse": 0.004288662690669298, "_runtime": 186, "_timestamp": 1618762938, "_step": 42, "best_val_loss": 0.004284724127501249, "best_epoch": 35, "mape": 133.20748900447305, "rmse": 0.3536930573994338, "mae": 0.2320635555441705}