{"graph": {"_type": "graph-file", "path": "media/graph/graph_summary_fa9655b5.graph.json", "sha256": "fa9655b54be85e8957eefd4b9ce51c3ca45f2c4f988a03b7623ba22da68c809f", "size": 427}, "epoch": 31, "loss": 0.003940619993954897, "mse": 0.003940619993954897, "val_loss": 0.003495734417811036, "val_mse": 0.003495734417811036, "_runtime": 71, "_timestamp": 1619598988, "_step": 34, "best_val_loss": 0.00349251925945282, "best_epoch": 26, "mape": 50.01066113372996, "rmse": 0.4671199005735727, "mae": 0.3028975996572613}