{"graph": {"_type": "graph-file", "path": "media/graph/graph_summary_b26b436d.graph.json", "sha256": "b26b436de998f5af35c19950a76813af1cdcac44a68e8b7756747ef817a088e1", "size": 427}, "epoch": 33, "loss": 0.003159221960231662, "mse": 0.003159221960231662, "val_loss": 0.0017332022543996572, "val_mse": 0.0017332022543996572, "_runtime": 141, "_timestamp": 1619522410, "_step": 36, "best_val_loss": 0.0017270016251131892, "best_epoch": 28, "mape": 80.26318331704219, "rmse": 0.29692125223976545, "mae": 0.19521941766253506}