{"graph": {"_type": "graph-file", "path": "media/graph/graph_summary_fa9655b5.graph.json", "sha256": "fa9655b54be85e8957eefd4b9ce51c3ca45f2c4f988a03b7623ba22da68c809f", "size": 427}, "epoch": 16, "loss": 0.004919115453958511, "mse": 0.004919115453958511, "val_loss": 0.009309627115726471, "val_mse": 0.009309627115726471, "_runtime": 13, "_timestamp": 1618921472, "_step": 19, "best_val_loss": 0.009276309981942177, "best_epoch": 11, "mape": 123.16692332732231, "rmse": 0.3423162074465881, "mae": 0.22155060315983924}