{"graph": {"_type": "graph-file", "path": "media/graph/graph_summary_b26b436d.graph.json", "sha256": "b26b436de998f5af35c19950a76813af1cdcac44a68e8b7756747ef817a088e1", "size": 427}, "epoch": 27, "loss": 0.004963194485753775, "mse": 0.004963194485753775, "val_loss": 0.001948550925590098, "val_mse": 0.001948550925590098, "_runtime": 147, "_timestamp": 1618584588, "_step": 30, "best_val_loss": 0.001947821700014174, "best_epoch": 22, "mape": 138.97488795347732, "rmse": 0.35985695920563754, "mae": 0.23544174560692602}