{"graph": {"_type": "graph-file", "path": "media/graph/graph_summary_b26b436d.graph.json", "sha256": "b26b436de998f5af35c19950a76813af1cdcac44a68e8b7756747ef817a088e1", "size": 427}, "epoch": 25, "loss": 0.0065142004750669, "mse": 0.0065142004750669, "val_loss": 0.0016155301127582788, "val_mse": 0.0016155301127582788, "_runtime": 98, "_timestamp": 1619517477, "_step": 28, "best_val_loss": 0.0015535843558609486, "best_epoch": 20, "mape": 65.4768833937966, "rmse": 0.23440513548010383, "mae": 0.15419840072878332}