{"graph": {"_type": "graph-file", "path": "media/graph/graph_summary_fa9655b5.graph.json", "sha256": "fa9655b54be85e8957eefd4b9ce51c3ca45f2c4f988a03b7623ba22da68c809f", "size": 427}, "epoch": 9, "loss": 0.010866508819162846, "mse": 0.010866508819162846, "val_loss": 0.009734541177749634, "val_mse": 0.009734541177749634, "_runtime": 16, "_timestamp": 1619181844, "_step": 12, "best_val_loss": 0.009634916670620441, "best_epoch": 4, "mape": 60.921941905956636, "rmse": 0.6954695668215602, "mae": 0.43573586542722936}