{"graph": {"_type": "graph-file", "path": "media/graph/graph_summary_b26b436d.graph.json", "sha256": "b26b436de998f5af35c19950a76813af1cdcac44a68e8b7756747ef817a088e1", "size": 427}, "epoch": 18, "loss": 0.004059314727783203, "mse": 0.004059314727783203, "val_loss": 0.0026770487893372774, "val_mse": 0.0026770487893372774, "_runtime": 58, "_timestamp": 1618577911, "_step": 21, "best_val_loss": 0.002656002063304186, "best_epoch": 13, "mape": 74.74588997620509, "rmse": 0.26443041457364524, "mae": 0.15050203094935188}