{"graph": {"_type": "graph-file", "path": "media/graph/graph_summary_b26b436d.graph.json", "sha256": "b26b436de998f5af35c19950a76813af1cdcac44a68e8b7756747ef817a088e1", "size": 427}, "epoch": 30, "loss": 0.00848964974284172, "mse": 0.008489648811519146, "val_loss": 0.009464907459914684, "val_mse": 0.009464907459914684, "_runtime": 172, "_timestamp": 1619538679, "_step": 33, "best_val_loss": 0.00943847093731165, "best_epoch": 25, "mape": 66.4651353586388, "rmse": 0.5916858838655102, "mae": 0.3807796308581363}