{"graph": {"_type": "graph-file", "path": "media/graph/graph_summary_fa9655b5.graph.json", "sha256": "fa9655b54be85e8957eefd4b9ce51c3ca45f2c4f988a03b7623ba22da68c809f", "size": 427}, "epoch": 23, "loss": 0.008723943494260311, "mse": 0.008723943494260311, "val_loss": 0.007688228506594896, "val_mse": 0.007688228506594896, "_runtime": 55, "_timestamp": 1619387413, "_step": 26, "best_val_loss": 0.007588472217321396, "best_epoch": 18, "mape": 46.51604559247329, "rmse": 0.6763004609231313, "mae": 0.4167844790305664}