{"graph": {"_type": "graph-file", "path": "media/graph/graph_summary_fa9655b5.graph.json", "sha256": "fa9655b54be85e8957eefd4b9ce51c3ca45f2c4f988a03b7623ba22da68c809f", "size": 427}, "epoch": 10, "loss": 0.00645468570291996, "mse": 0.00645468570291996, "val_loss": 0.004474748857319355, "val_mse": 0.004474748857319355, "_runtime": 16, "_timestamp": 1618920391, "_step": 13, "best_val_loss": 0.004412268288433552, "best_epoch": 5, "mape": 123.14105256664106, "rmse": 0.35450173845256033, "mae": 0.22635049026707207}