{"graph": {"_type": "graph-file", "path": "media/graph/graph_summary_b26b436d.graph.json", "sha256": "b26b436de998f5af35c19950a76813af1cdcac44a68e8b7756747ef817a088e1", "size": 427}, "epoch": 8, "loss": 0.00714446185156703, "mse": 0.00714446185156703, "val_loss": 0.004011766519397497, "val_mse": 0.004011766519397497, "_runtime": 43, "_timestamp": 1619520007, "_step": 11, "best_val_loss": 0.003946606535464525, "best_epoch": 3, "mape": 74.65275548827415, "rmse": 0.28634099364975035, "mae": 0.18906663752787956}