{"graph": {"_type": "graph-file", "path": "media/graph/graph_summary_b26b436d.graph.json", "sha256": "b26b436de998f5af35c19950a76813af1cdcac44a68e8b7756747ef817a088e1", "size": 427}, "epoch": 10, "loss": 0.006638248451054096, "mse": 0.006638248451054096, "val_loss": 0.012092260643839836, "val_mse": 0.012092260643839836, "_runtime": 35, "_timestamp": 1618758865, "_step": 13, "best_val_loss": 0.011447944678366184, "best_epoch": 5, "mape": 139.25097386534168, "rmse": 0.3326658105678879, "mae": 0.21427114179718743}