{"graph": {"_type": "graph-file", "path": "media/graph/graph_summary_fa9655b5.graph.json", "sha256": "fa9655b54be85e8957eefd4b9ce51c3ca45f2c4f988a03b7623ba22da68c809f", "size": 427}, "epoch": 39, "loss": 0.004933639895170927, "mse": 0.004933639895170927, "val_loss": 0.003670303151011467, "val_mse": 0.003670303151011467, "_runtime": 39, "_timestamp": 1618921630, "_step": 42, "best_val_loss": 0.0036512757651507854, "best_epoch": 38, "mape": 128.84103624769605, "rmse": 0.3434720499355976, "mae": 0.22167985061789616}