{"graph": {"_type": "graph-file", "path": "media/graph/graph_summary_b26b436d.graph.json", "sha256": "b26b436de998f5af35c19950a76813af1cdcac44a68e8b7756747ef817a088e1", "size": 427}, "epoch": 39, "loss": 0.004739910829812288, "mse": 0.004739910829812288, "val_loss": 0.0075887772254645824, "val_mse": 0.0075887772254645824, "_runtime": 137, "_timestamp": 1619524723, "_step": 42, "best_val_loss": 0.0075887772254645824, "best_epoch": 39, "mape": 90.40141577491451, "rmse": 0.3313689688276849, "mae": 0.21831342890345534}