{"graph": {"_type": "graph-file", "path": "media/graph/graph_summary_fa9655b5.graph.json", "sha256": "fa9655b54be85e8957eefd4b9ce51c3ca45f2c4f988a03b7623ba22da68c809f", "size": 427}, "epoch": 9, "loss": 0.002847474766895175, "mse": 0.002847474766895175, "val_loss": 0.0013227327726781368, "val_mse": 0.0013227328890934587, "_runtime": 19, "_timestamp": 1618920233, "_step": 12, "best_val_loss": 0.0013122321106493473, "best_epoch": 4, "mape": 133.14542626822066, "rmse": 0.39001164028482016, "mae": 0.24664493473206178}