{"graph": {"_type": "graph-file", "path": "media/graph/graph_summary_fa9655b5.graph.json", "sha256": "fa9655b54be85e8957eefd4b9ce51c3ca45f2c4f988a03b7623ba22da68c809f", "size": 427}, "epoch": 39, "loss": 0.009010002948343754, "mse": 0.009010002948343754, "val_loss": 0.00567441014572978, "val_mse": 0.00567441014572978, "_runtime": 56, "_timestamp": 1619533389, "_step": 42, "best_val_loss": 0.0056702746078372, "best_epoch": 38, "mape": 87.45777088783892, "rmse": 0.322663038395152, "mae": 0.21198767684515016}