{"graph": {"_type": "graph-file", "path": "media/graph/graph_summary_b26b436d.graph.json", "sha256": "b26b436de998f5af35c19950a76813af1cdcac44a68e8b7756747ef817a088e1", "size": 427}, "epoch": 6, "loss": 0.006234962027519941, "mse": 0.006234962027519941, "val_loss": 0.005861909594386816, "val_mse": 0.005861909594386816, "_runtime": 32, "_timestamp": 1619521038, "_step": 9, "best_val_loss": 0.005847716238349676, "best_epoch": 1, "mape": 73.57031958792089, "rmse": 0.28916148988611495, "mae": 0.18969500139661724}