{"graph": {"_type": "graph-file", "path": "media/graph/graph_summary_fa9655b5.graph.json", "sha256": "fa9655b54be85e8957eefd4b9ce51c3ca45f2c4f988a03b7623ba22da68c809f", "size": 427}, "epoch": 12, "loss": 0.008809298276901245, "mse": 0.008809298276901245, "val_loss": 0.007250629365444183, "val_mse": 0.007250628434121609, "_runtime": 33, "_timestamp": 1619388147, "_step": 15, "best_val_loss": 0.007215495221316814, "best_epoch": 7, "mape": 60.28916424775994, "rmse": 0.6855220176671325, "mae": 0.42581762109758126}