{"graph": {"_type": "graph-file", "path": "media/graph/graph_summary_b26b436d.graph.json", "sha256": "b26b436de998f5af35c19950a76813af1cdcac44a68e8b7756747ef817a088e1", "size": 427}, "epoch": 39, "loss": 0.0074776774272322655, "mse": 0.0074776774272322655, "val_loss": 0.003651308361440897, "val_mse": 0.003651308361440897, "_runtime": 143, "_timestamp": 1618758280, "_step": 42, "best_val_loss": 0.003651308361440897, "best_epoch": 39, "mape": 100.22048939821686, "rmse": 0.28299181459269324, "mae": 0.1735338386318025}