{"graph": {"_type": "graph-file", "path": "media/graph/graph_summary_b26b436d.graph.json", "sha256": "b26b436de998f5af35c19950a76813af1cdcac44a68e8b7756747ef817a088e1", "size": 427}, "epoch": 5, "loss": 0.011604075320065022, "mse": 0.011604075320065022, "val_loss": 0.009654372930526733, "val_mse": 0.009654372930526733, "_runtime": 22, "_timestamp": 1619176033, "_step": 8, "best_val_loss": 0.008337880484759808, "best_epoch": 0, "mape": 54.88533425442633, "rmse": 0.7154929922146642, "mae": 0.4513131174865034}