{"graph": {"_type": "graph-file", "path": "media/graph/graph_summary_fa9655b5.graph.json", "sha256": "fa9655b54be85e8957eefd4b9ce51c3ca45f2c4f988a03b7623ba22da68c809f", "size": 427}, "epoch": 9, "loss": 0.012013091705739498, "mse": 0.012013091705739498, "val_loss": 0.00315641681663692, "val_mse": 0.00315641681663692, "_runtime": 12, "_timestamp": 1619533036, "_step": 12, "best_val_loss": 0.0028619160875678062, "best_epoch": 4, "mape": 76.83327107425491, "rmse": 0.31576783392010055, "mae": 0.20678670974231123}