{"graph": {"_type": "graph-file", "path": "media/graph/graph_summary_fa9655b5.graph.json", "sha256": "fa9655b54be85e8957eefd4b9ce51c3ca45f2c4f988a03b7623ba22da68c809f", "size": 427}, "epoch": 10, "loss": 0.004018810577690601, "mse": 0.004018810577690601, "val_loss": 0.002741336589679122, "val_mse": 0.002741336589679122, "_runtime": 15, "_timestamp": 1618919384, "_step": 13, "best_val_loss": 0.0027211736887693405, "best_epoch": 5, "mape": 79.98093200653302, "rmse": 0.2662170302066083, "mae": 0.15409301219124263}