{"graph": {"_type": "graph-file", "path": "media/graph/graph_summary_b26b436d.graph.json", "sha256": "b26b436de998f5af35c19950a76813af1cdcac44a68e8b7756747ef817a088e1", "size": 427}, "epoch": 26, "loss": 0.004113233648240566, "mse": 0.004113233648240566, "val_loss": 0.0035854370798915625, "val_mse": 0.0035854370798915625, "_runtime": 174, "_timestamp": 1619174535, "_step": 29, "best_val_loss": 0.003564318874850869, "best_epoch": 21, "mape": 47.18494745150903, "rmse": 0.7177114246761028, "mae": 0.45267280622082523}