{"graph": {"_type": "graph-file", "path": "media/graph/graph_summary_b26b436d.graph.json", "sha256": "b26b436de998f5af35c19950a76813af1cdcac44a68e8b7756747ef817a088e1", "size": 427}, "epoch": 39, "loss": 0.005701624322682619, "mse": 0.005701624322682619, "val_loss": 0.003947961609810591, "val_mse": 0.003947961609810591, "_runtime": 106, "_timestamp": 1619522265, "_step": 42, "best_val_loss": 0.003947961609810591, "best_epoch": 39, "mape": 81.02578718917266, "rmse": 0.2996428022374471, "mae": 0.19733153338454146}