{"graph": {"_type": "graph-file", "path": "media/graph/graph_summary_fa9655b5.graph.json", "sha256": "fa9655b54be85e8957eefd4b9ce51c3ca45f2c4f988a03b7623ba22da68c809f", "size": 427}, "epoch": 39, "loss": 0.004861929453909397, "mse": 0.004861929453909397, "val_loss": 0.003878152696415782, "val_mse": 0.0038781529292464256, "_runtime": 47, "_timestamp": 1618908641, "_step": 42, "best_val_loss": 0.003878152696415782, "best_epoch": 39, "mape": 72.35906121205787, "rmse": 0.2958658621457196, "mae": 0.16077770984081485}