{"graph": {"_type": "graph-file", "path": "media/graph/graph_summary_b26b436d.graph.json", "sha256": "b26b436de998f5af35c19950a76813af1cdcac44a68e8b7756747ef817a088e1", "size": 427}, "epoch": 23, "loss": 0.005513034760951996, "mse": 0.005513034760951996, "val_loss": 0.003045613644644618, "val_mse": 0.003045613644644618, "_runtime": 135, "_timestamp": 1619536784, "_step": 26, "best_val_loss": 0.0030189547687768936, "best_epoch": 18, "mape": 48.26968980422547, "rmse": 0.4681861436147976, "mae": 0.30119046818536066}