{"graph": {"_type": "graph-file", "path": "media/graph/graph_summary_fa9655b5.graph.json", "sha256": "fa9655b54be85e8957eefd4b9ce51c3ca45f2c4f988a03b7623ba22da68c809f", "size": 427}, "epoch": 27, "loss": 0.006257529370486736, "mse": 0.006257529370486736, "val_loss": 0.0046274601481854916, "val_mse": 0.0046274601481854916, "_runtime": 62, "_timestamp": 1619180894, "_step": 30, "best_val_loss": 0.004608421120792627, "best_epoch": 22, "mape": 45.41319705990927, "rmse": 0.7877591209172051, "mae": 0.49017418260364815}