{"graph": {"_type": "graph-file", "path": "media/graph/graph_summary_fa9655b5.graph.json", "sha256": "fa9655b54be85e8957eefd4b9ce51c3ca45f2c4f988a03b7623ba22da68c809f", "size": 427}, "epoch": 16, "loss": 0.006199548486620188, "mse": 0.006199548486620188, "val_loss": 0.0067020137794315815, "val_mse": 0.0067020137794315815, "_runtime": 47, "_timestamp": 1619180687, "_step": 19, "best_val_loss": 0.0066854325123131275, "best_epoch": 11, "mape": 38.53397959525434, "rmse": 0.8732471039268708, "mae": 0.5122967284276532}