{"graph": {"_type": "graph-file", "path": "media/graph/graph_summary_b26b436d.graph.json", "sha256": "b26b436de998f5af35c19950a76813af1cdcac44a68e8b7756747ef817a088e1", "size": 427}, "epoch": 39, "loss": 0.014644034206867218, "mse": 0.014644034206867218, "val_loss": 0.013934249058365822, "val_mse": 0.013934249058365822, "_runtime": 116, "_timestamp": 1618581061, "_step": 42, "best_val_loss": 0.013934249058365822, "best_epoch": 39, "mape": 124.93449883280913, "rmse": 0.35692245439715153, "mae": 0.22951842490910268}