{"graph": {"_type": "graph-file", "path": "media/graph/graph_summary_fa9655b5.graph.json", "sha256": "fa9655b54be85e8957eefd4b9ce51c3ca45f2c4f988a03b7623ba22da68c809f", "size": 427}, "epoch": 39, "loss": 0.005886856000870466, "mse": 0.005886856000870466, "val_loss": 0.0038366017397493124, "val_mse": 0.0038366017397493124, "_runtime": 53, "_timestamp": 1618921892, "_step": 42, "best_val_loss": 0.0038306466303765774, "best_epoch": 38, "mape": 127.41535076375915, "rmse": 0.34676712451415, "mae": 0.22408179800153474}