{"graph": {"_type": "graph-file", "path": "media/graph/graph_summary_fa9655b5.graph.json", "sha256": "fa9655b54be85e8957eefd4b9ce51c3ca45f2c4f988a03b7623ba22da68c809f", "size": 427}, "epoch": 27, "loss": 0.006177125032991171, "mse": 0.006177125032991171, "val_loss": 0.004576046019792557, "val_mse": 0.0045760455541312695, "_runtime": 63, "_timestamp": 1619598913, "_step": 30, "best_val_loss": 0.004564782604575157, "best_epoch": 22, "mape": 49.34727868709167, "rmse": 0.5153714832358706, "mae": 0.33528816299647257}