{"graph": {"_type": "graph-file", "path": "media/graph/graph_summary_b26b436d.graph.json", "sha256": "b26b436de998f5af35c19950a76813af1cdcac44a68e8b7756747ef817a088e1", "size": 427}, "epoch": 20, "loss": 0.005698468070477247, "mse": 0.005698468070477247, "val_loss": 0.0024358041118830442, "val_mse": 0.0024358041118830442, "_runtime": 70, "_timestamp": 1618764687, "_step": 23, "best_val_loss": 0.0024333049077540636, "best_epoch": 15, "mape": 140.59763574047474, "rmse": 0.37377793441198803, "mae": 0.24655663313963644}