{"graph": {"_type": "graph-file", "path": "media/graph/graph_summary_b26b436d.graph.json", "sha256": "b26b436de998f5af35c19950a76813af1cdcac44a68e8b7756747ef817a088e1", "size": 427}, "epoch": 5, "loss": 0.0049356864765286446, "mse": 0.0049356864765286446, "val_loss": 0.004053369164466858, "val_mse": 0.004053369164466858, "_runtime": 49, "_timestamp": 1619537843, "_step": 8, "best_val_loss": 0.004027086775749922, "best_epoch": 0, "mape": 48.296591015427964, "rmse": 0.4903147688558281, "mae": 0.31761186481338105}