{"graph": {"_type": "graph-file", "path": "media/graph/graph_summary_b26b436d.graph.json", "sha256": "b26b436de998f5af35c19950a76813af1cdcac44a68e8b7756747ef817a088e1", "size": 427}, "epoch": 17, "loss": 0.0052181691862642765, "mse": 0.0052181691862642765, "val_loss": 0.0005369186983443797, "val_mse": 0.0005369186983443797, "_runtime": 94, "_timestamp": 1619537940, "_step": 20, "best_val_loss": 0.0004687338077928871, "best_epoch": 12, "mape": 54.526489021244025, "rmse": 0.555635248643408, "mae": 0.3575190431280968}