{"graph": {"_type": "graph-file", "path": "media/graph/graph_summary_fa9655b5.graph.json", "sha256": "fa9655b54be85e8957eefd4b9ce51c3ca45f2c4f988a03b7623ba22da68c809f", "size": 427}, "epoch": 12, "loss": 0.004404793493449688, "mse": 0.004404793493449688, "val_loss": 0.001779753714799881, "val_mse": 0.001779753714799881, "_runtime": 23, "_timestamp": 1618920333, "_step": 15, "best_val_loss": 0.0017753714928403497, "best_epoch": 7, "mape": 123.95653135965657, "rmse": 0.3658557342467106, "mae": 0.2315291396616396}