{"graph": {"_type": "graph-file", "path": "media/graph/graph_summary_b26b436d.graph.json", "sha256": "b26b436de998f5af35c19950a76813af1cdcac44a68e8b7756747ef817a088e1", "size": 427}, "epoch": 39, "loss": 0.009415067732334137, "mse": 0.009415067732334137, "val_loss": 0.005987414624541998, "val_mse": 0.005987414624541998, "_runtime": 109, "_timestamp": 1618758698, "_step": 42, "best_val_loss": 0.005987414624541998, "best_epoch": 39, "mape": 83.78737613489949, "rmse": 0.3349809304219115, "mae": 0.2139129363047323}