{"graph": {"_type": "graph-file", "path": "media/graph/graph_summary_b26b436d.graph.json", "sha256": "b26b436de998f5af35c19950a76813af1cdcac44a68e8b7756747ef817a088e1", "size": 427}, "epoch": 30, "loss": 0.014127364382147789, "mse": 0.014127364382147789, "val_loss": 0.011242186650633812, "val_mse": 0.011242186650633812, "_runtime": 353, "_timestamp": 1619429288, "_step": 33, "best_val_loss": 0.009852075017988682, "best_epoch": 25, "mape": 238.0626399904651, "rmse": 23.986077856675166, "mae": 18.2940141278876}