{"graph": {"_type": "graph-file", "path": "media/graph/graph_summary_b26b436d.graph.json", "sha256": "b26b436de998f5af35c19950a76813af1cdcac44a68e8b7756747ef817a088e1", "size": 427}, "epoch": 19, "loss": 0.008987038396298885, "mse": 0.008987038396298885, "val_loss": 0.007833053357899189, "val_mse": 0.007833053357899189, "_runtime": 133, "_timestamp": 1619389788, "_step": 22, "best_val_loss": 0.007591539993882179, "best_epoch": 14, "mape": 48.630592410342, "rmse": 0.6989332779893034, "mae": 0.44084864778939203}