{"graph": {"_type": "graph-file", "path": "media/graph/graph_summary_b26b436d.graph.json", "sha256": "b26b436de998f5af35c19950a76813af1cdcac44a68e8b7756747ef817a088e1", "size": 427}, "epoch": 5, "loss": 0.007099979091435671, "mse": 0.007099979091435671, "val_loss": 0.0028026471845805645, "val_mse": 0.0028026471845805645, "_runtime": 40, "_timestamp": 1618581108, "_step": 8, "best_val_loss": 0.002335210796445608, "best_epoch": 0, "mape": 125.66494008087845, "rmse": 0.35619032145391577, "mae": 0.22927414937156584}