{"graph": {"_type": "graph-file", "path": "media/graph/graph_summary_b26b436d.graph.json", "sha256": "b26b436de998f5af35c19950a76813af1cdcac44a68e8b7756747ef817a088e1", "size": 427}, "epoch": 39, "loss": 0.0038038648199290037, "mse": 0.0038038648199290037, "val_loss": 0.0031831308733671904, "val_mse": 0.0031831308733671904, "_runtime": 184, "_timestamp": 1618764909, "_step": 42, "best_val_loss": 0.0031815588008612394, "best_epoch": 35, "mape": 138.2844612724053, "rmse": 0.3790073067127005, "mae": 0.24917273238870552}