{"graph": {"_type": "graph-file", "path": "media/graph/graph_summary_b26b436d.graph.json", "sha256": "b26b436de998f5af35c19950a76813af1cdcac44a68e8b7756747ef817a088e1", "size": 427}, "epoch": 39, "loss": 0.009415067732334137, "mse": 0.009415067732334137, "val_loss": 0.005987414624541998, "val_mse": 0.005987414624541998, "_runtime": 102, "_timestamp": 1619517582, "_step": 42, "best_val_loss": 0.005987414624541998, "best_epoch": 39, "mape": 65.14805486063918, "rmse": 0.26370637838133965, "mae": 0.17653957549460284}