{"graph": {"_type": "graph-file", "path": "media/graph/graph_summary_fa9655b5.graph.json", "sha256": "fa9655b54be85e8957eefd4b9ce51c3ca45f2c4f988a03b7623ba22da68c809f", "size": 427}, "epoch": 39, "loss": 0.009296903386712074, "mse": 0.009296903386712074, "val_loss": 0.005874821916222572, "val_mse": 0.005874821916222572, "_runtime": 37, "_timestamp": 1619530900, "_step": 42, "best_val_loss": 0.005874821916222572, "best_epoch": 39, "mape": 65.797725367664, "rmse": 0.26128421741420554, "mae": 0.1744702365693001}