{"graph": {"_type": "graph-file", "path": "media/graph/graph_summary_b26b436d.graph.json", "sha256": "b26b436de998f5af35c19950a76813af1cdcac44a68e8b7756747ef817a088e1", "size": 427}, "epoch": 12, "loss": 0.010947683826088905, "mse": 0.010947683826088905, "val_loss": 0.008415522053837776, "val_mse": 0.008415522053837776, "_runtime": 48, "_timestamp": 1618582956, "_step": 15, "best_val_loss": 0.00823991745710373, "best_epoch": 7, "mape": 133.29425967279263, "rmse": 0.35605301631924857, "mae": 0.23405000577882382}