{"graph": {"_type": "graph-file", "path": "media/graph/graph_summary_fa9655b5.graph.json", "sha256": "fa9655b54be85e8957eefd4b9ce51c3ca45f2c4f988a03b7623ba22da68c809f", "size": 427}, "epoch": 6, "loss": 0.009113974869251251, "mse": 0.009113974869251251, "val_loss": 0.005882412660866976, "val_mse": 0.005882412660866976, "_runtime": 13, "_timestamp": 1619531552, "_step": 9, "best_val_loss": 0.00569009967148304, "best_epoch": 1, "mape": 76.43669367955776, "rmse": 0.2935807062760515, "mae": 0.19174044073016047}