{"graph": {"_type": "graph-file", "path": "media/graph/graph_summary_b26b436d.graph.json", "sha256": "b26b436de998f5af35c19950a76813af1cdcac44a68e8b7756747ef817a088e1", "size": 427}, "epoch": 39, "loss": 0.004627248737961054, "mse": 0.004627248737961054, "val_loss": 0.001755463657900691, "val_mse": 0.001755463657900691, "_runtime": 159, "_timestamp": 1619519213, "_step": 42, "best_val_loss": 0.001755463657900691, "best_epoch": 39, "mape": 76.71462303514363, "rmse": 0.2926206259117106, "mae": 0.1917445072412192}