{"graph": {"_type": "graph-file", "path": "media/graph/graph_summary_b26b436d.graph.json", "sha256": "b26b436de998f5af35c19950a76813af1cdcac44a68e8b7756747ef817a088e1", "size": 427}, "epoch": 34, "loss": 0.0047567314468324184, "mse": 0.0047567314468324184, "val_loss": 0.00389061588793993, "val_mse": 0.00389061588793993, "_runtime": 113, "_timestamp": 1619516843, "_step": 37, "best_val_loss": 0.0038768434897065163, "best_epoch": 29, "mape": 69.44199523163708, "rmse": 0.20665919398065757, "mae": 0.1232029058261365}