{"graph": {"_type": "graph-file", "path": "media/graph/graph_summary_b26b436d.graph.json", "sha256": "b26b436de998f5af35c19950a76813af1cdcac44a68e8b7756747ef817a088e1", "size": 427}, "epoch": 9, "loss": 0.005875119939446449, "mse": 0.005875119939446449, "val_loss": 0.004445078317075968, "val_mse": 0.004445078317075968, "_runtime": 72, "_timestamp": 1619538146, "_step": 12, "best_val_loss": 0.004424564074724913, "best_epoch": 4, "mape": 60.49641404138338, "rmse": 0.6139448282939908, "mae": 0.39482945707372874}