{"graph": {"_type": "graph-file", "path": "media/graph/graph_summary_fa9655b5.graph.json", "sha256": "fa9655b54be85e8957eefd4b9ce51c3ca45f2c4f988a03b7623ba22da68c809f", "size": 427}, "epoch": 31, "loss": 0.007169020362198353, "mse": 0.007169020362198353, "val_loss": 0.0057621244341135025, "val_mse": 0.0057621244341135025, "_runtime": 72, "_timestamp": 1619599223, "_step": 34, "best_val_loss": 0.00566205196082592, "best_epoch": 26, "mape": 52.09869733739516, "rmse": 0.46605896136282643, "mae": 0.3011943640156907}