{"graph": {"_type": "graph-file", "path": "media/graph/graph_summary_b26b436d.graph.json", "sha256": "b26b436de998f5af35c19950a76813af1cdcac44a68e8b7756747ef817a088e1", "size": 427}, "epoch": 33, "loss": 0.007185398135334253, "mse": 0.007185398135334253, "val_loss": 0.007758361753076315, "val_mse": 0.007758361753076315, "_runtime": 15298, "_timestamp": 1619011378, "_step": 36, "best_val_loss": 0.00756416842341423, "best_epoch": 23, "mape": 120.5712124373574, "rmse": 0.37573682726629126, "mae": 0.23545212082715297}