{"graph": {"_type": "graph-file", "path": "media/graph/graph_summary_b26b436d.graph.json", "sha256": "b26b436de998f5af35c19950a76813af1cdcac44a68e8b7756747ef817a088e1", "size": 427}, "epoch": 5, "loss": 0.015371435321867466, "mse": 0.015371435321867466, "val_loss": 0.008450952358543873, "val_mse": 0.008450952358543873, "_runtime": 42, "_timestamp": 1618765375, "_step": 8, "best_val_loss": 0.008149550296366215, "best_epoch": 0, "mape": 146.4408481749657, "rmse": 0.3792773296587082, "mae": 0.24880740326428374}