{"graph": {"_type": "graph-file", "path": "media/graph/graph_summary_fa9655b5.graph.json", "sha256": "fa9655b54be85e8957eefd4b9ce51c3ca45f2c4f988a03b7623ba22da68c809f", "size": 427}, "epoch": 39, "loss": 0.006796292494982481, "mse": 0.006796292494982481, "val_loss": 0.003984315786510706, "val_mse": 0.003984315786510706, "_runtime": 54, "_timestamp": 1618920563, "_step": 42, "best_val_loss": 0.003984315786510706, "best_epoch": 39, "mape": 117.70653268935585, "rmse": 0.34517812410365256, "mae": 0.22071734964867804}