{"graph": {"_type": "graph-file", "path": "media/graph/graph_summary_fa9655b5.graph.json", "sha256": "fa9655b54be85e8957eefd4b9ce51c3ca45f2c4f988a03b7623ba22da68c809f", "size": 427}, "epoch": 11, "loss": 0.005437794141471386, "mse": 0.005437794141471386, "val_loss": 0.006769911386072636, "val_mse": 0.006769911386072636, "_runtime": 23, "_timestamp": 1619533195, "_step": 14, "best_val_loss": 0.006735619623214006, "best_epoch": 6, "mape": 76.55207195631058, "rmse": 0.32032237244113004, "mae": 0.20923288275641425}