{"graph": {"_type": "graph-file", "path": "media/graph/graph_summary_b26b436d.graph.json", "sha256": "b26b436de998f5af35c19950a76813af1cdcac44a68e8b7756747ef817a088e1", "size": 427}, "epoch": 39, "loss": 0.010423165746033192, "mse": 0.010423165746033192, "val_loss": 0.005638133734464645, "val_mse": 0.005638133734464645, "_runtime": 152, "_timestamp": 1618580938, "_step": 42, "best_val_loss": 0.005623810458928347, "best_epoch": 35, "mape": 126.7471811108116, "rmse": 0.3621761406202097, "mae": 0.23271093861132613}