{"graph": {"_type": "graph-file", "path": "media/graph/graph_summary_fa9655b5.graph.json", "sha256": "fa9655b54be85e8957eefd4b9ce51c3ca45f2c4f988a03b7623ba22da68c809f", "size": 427}, "epoch": 10, "loss": 0.01111413724720478, "mse": 0.01111413724720478, "val_loss": 0.01291557215154171, "val_mse": 0.01291557215154171, "_runtime": 17, "_timestamp": 1619531938, "_step": 13, "best_val_loss": 0.012654361315071583, "best_epoch": 5, "mape": 74.31090690991189, "rmse": 0.28784585163291765, "mae": 0.18951659112667377}