{"graph": {"_type": "graph-file", "path": "media/graph/graph_summary_b26b436d.graph.json", "sha256": "b26b436de998f5af35c19950a76813af1cdcac44a68e8b7756747ef817a088e1", "size": 427}, "epoch": 14, "loss": 0.006191733293235302, "mse": 0.006191733293235302, "val_loss": 0.00646996172145009, "val_mse": 0.00646996172145009, "_runtime": 24, "_timestamp": 1619176419, "_step": 17, "best_val_loss": 0.006364873610436916, "best_epoch": 9, "mape": 61.07147826791108, "rmse": 0.7244209696315453, "mae": 0.4576514156142439}