,mae,mape,rmse,B
0,7.31855332228991,26.683095791677474,10.369920151784582,GEP1
1,15.965576654338289,139.31083322494305,23.832788005202122,GEP4
2,,,,
3,,,,
4,,,,
5,,,,
6,,,,
7,,,,
8,,,,
9,,,,
10,,,,
11,,,,
12,,,,
13,,,,
14,,,,
15,,,,
16,,,,
17,,,,
18,,,,
19,,,,
20,,,,
21,,,,
22,,,,
23,,,,
24,,,,
25,,,,
26,,,,
27,,,,
