,mae,mape,rmse,B
0,14.873011319919426,142.18398198454312,21.961082886009024,GEP1
1,6.866018479799066,25.828208435365024,9.719100098241006,GEP4
2,,,,
3,,,,
4,,,,
5,,,,
6,,,,
7,,,,
8,,,,
9,,,,
10,,,,
11,,,,
12,,,,
13,,,,
14,,,,
15,,,,
16,,,,
17,,,,
18,,,,
19,,,,
20,,,,
21,,,,
22,,,,
23,,,,
24,,,,
25,,,,
26,,,,
27,,,,
