,mae,mape,rmse,B
0,15.211342997235867,154.02262328264723,21.75252639555175,GEP1
1,7.108689821121357,26.571347566703917,9.822093794001507,GEP4
2,,,,
3,,,,
4,,,,
5,,,,
6,,,,
7,,,,
8,,,,
9,,,,
10,,,,
11,,,,
12,,,,
13,,,,
14,,,,
15,,,,
16,,,,
17,,,,
18,,,,
19,,,,
20,,,,
21,,,,
22,,,,
23,,,,
24,,,,
25,,,,
26,,,,
27,,,,
