,mae,mape,rmse,B
0,16.82885266580537,190.86633730437202,23.569587723537374,GEP1
1,8.245865068228511,30.70514898355736,10.916279373415389,GEP4
2,,,,
3,,,,
4,,,,
5,,,,
6,,,,
7,,,,
8,,,,
9,,,,
10,,,,
11,,,,
12,,,,
13,,,,
14,,,,
15,,,,
16,,,,
17,,,,
18,,,,
19,,,,
20,,,,
21,,,,
22,,,,
23,,,,
24,,,,
25,,,,
26,,,,
27,,,,
