{"graph": {"_type": "graph-file", "path": "media/graph/graph_summary_b26b436d.graph.json", "sha256": "b26b436de998f5af35c19950a76813af1cdcac44a68e8b7756747ef817a088e1", "size": 427}, "epoch": 5, "loss": 0.0037671937607228756, "mse": 0.0037671937607228756, "val_loss": 0.0019125152612105012, "val_mse": 0.0019125152612105012, "_runtime": 32, "_timestamp": 1618585030, "_step": 8, "best_val_loss": 0.0018683334346860647, "best_epoch": 0, "mape": 139.36976475778337, "rmse": 0.37167277553298644, "mae": 0.24483517333271404}