{"graph": {"_type": "graph-file", "path": "media/graph/graph_summary_567b7228.graph.json", "sha256": "567b7228a9575f08492a183e699d766a3131dd40037fa4d74c9c057e380fee5a", "size": 708}, "epoch": 9, "loss": 0.006414988078176975, "mse": 0.006414988078176975, "val_loss": 0.010024170391261578, "val_mse": 0.010024170391261578, "_runtime": 11897, "_timestamp": 1618362555, "_step": 12, "best_val_loss": 0.009679090231657028, "best_epoch": 4, "mape": 66.04176916788215, "rmse": 0.6999801126740742, "mae": 0.44948445980037083}