{"graph": {"_type": "graph-file", "path": "media/graph/graph_summary_fa9655b5.graph.json", "sha256": "fa9655b54be85e8957eefd4b9ce51c3ca45f2c4f988a03b7623ba22da68c809f", "size": 427}, "epoch": 23, "loss": 0.009775576181709766, "mse": 0.009775576181709766, "val_loss": 0.008059186860918999, "val_mse": 0.008059186860918999, "_runtime": 53, "_timestamp": 1618910554, "_step": 23, "best_val_loss": 0.008046031929552555, "best_epoch": 22}