{"graph": {"_type": "graph-file", "path": "media/graph/graph_summary_fa9655b5.graph.json", "sha256": "fa9655b54be85e8957eefd4b9ce51c3ca45f2c4f988a03b7623ba22da68c809f", "size": 427}, "epoch": 3, "loss": 0.007495556492358446, "mse": 0.007495556492358446, "val_loss": 0.0030823734123259783, "val_mse": 0.0030823734123259783, "_runtime": 249, "_timestamp": 1618917876, "_step": 222, "best_val_loss": 0.0018435842357575893, "best_epoch": 10, "mape": 99.36344379053823, "rmse": 0.26524936816958117, "mae": 0.16351357650156334}