{"graph": {"_type": "graph-file", "path": "media/graph/graph_summary_fa9655b5.graph.json", "sha256": "fa9655b54be85e8957eefd4b9ce51c3ca45f2c4f988a03b7623ba22da68c809f", "size": 427}, "epoch": 18, "loss": 0.006977541372179985, "mse": 0.006977541372179985, "val_loss": 0.007305349223315716, "val_mse": 0.007305349223315716, "_runtime": 31, "_timestamp": 1618922272, "_step": 21, "best_val_loss": 0.007209436036646366, "best_epoch": 13, "mape": 129.66298311664423, "rmse": 0.3655150925453957, "mae": 0.23666575000427012}