{"graph": {"_type": "graph-file", "path": "media/graph/graph_summary_fa9655b5.graph.json", "sha256": "fa9655b54be85e8957eefd4b9ce51c3ca45f2c4f988a03b7623ba22da68c809f", "size": 427}, "epoch": 21, "loss": 0.00698827626183629, "mse": 0.00698827626183629, "val_loss": 0.006095718126744032, "val_mse": 0.006095718126744032, "_runtime": 51, "_timestamp": 1619599375, "_step": 24, "best_val_loss": 0.0060591064393520355, "best_epoch": 16, "mape": 49.55347981788835, "rmse": 0.4637963191679715, "mae": 0.29892384385640247}