{"graph": {"_type": "graph-file", "path": "media/graph/graph_summary_b26b436d.graph.json", "sha256": "b26b436de998f5af35c19950a76813af1cdcac44a68e8b7756747ef817a088e1", "size": 427}, "epoch": 31, "loss": 0.0072711738757789135, "mse": 0.0072711738757789135, "val_loss": 0.00588403781875968, "val_mse": 0.00588403781875968, "_runtime": 175, "_timestamp": 1619538324, "_step": 34, "best_val_loss": 0.005871170200407505, "best_epoch": 26, "mape": 58.926066162896994, "rmse": 0.6109463763047502, "mae": 0.3926495326035228}