{"graph": {"_type": "graph-file", "path": "media/graph/graph_summary_fa9655b5.graph.json", "sha256": "fa9655b54be85e8957eefd4b9ce51c3ca45f2c4f988a03b7623ba22da68c809f", "size": 427}, "epoch": 5, "loss": 0.007259351667016745, "mse": 0.007259351667016745, "val_loss": 0.0030694010201841593, "val_mse": 0.0030694010201841593, "_runtime": 19, "_timestamp": 1618919553, "_step": 8, "best_val_loss": 0.002891405951231718, "best_epoch": 0, "mape": 92.3065304174169, "rmse": 0.290043014904668, "mae": 0.18000718306282862}