{"graph": {"_type": "graph-file", "path": "media/graph/graph_summary_fa9655b5.graph.json", "sha256": "fa9655b54be85e8957eefd4b9ce51c3ca45f2c4f988a03b7623ba22da68c809f", "size": 427}, "epoch": 25, "loss": 0.009701230563223362, "mse": 0.009701230563223362, "val_loss": 0.006720281206071377, "val_mse": 0.006720281206071377, "_runtime": 35, "_timestamp": 1619532685, "_step": 28, "best_val_loss": 0.006705568637698889, "best_epoch": 20, "mape": 78.14850280651926, "rmse": 0.29659410241378237, "mae": 0.19426783122321}