{"graph": {"_type": "graph-file", "path": "media/graph/graph_summary_fa9655b5.graph.json", "sha256": "fa9655b54be85e8957eefd4b9ce51c3ca45f2c4f988a03b7623ba22da68c809f", "size": 427}, "epoch": 10, "loss": 0.005994933191686869, "mse": 0.005994933191686869, "val_loss": 0.0030313206370919943, "val_mse": 0.0030313206370919943, "_runtime": 16, "_timestamp": 1618919530, "_step": 13, "best_val_loss": 0.0029646146576851606, "best_epoch": 5, "mape": 99.36344379053823, "rmse": 0.26524936816958117, "mae": 0.16351357650156334}