{"graph": {"_type": "graph-file", "path": "media/graph/graph_summary_b26b436d.graph.json", "sha256": "b26b436de998f5af35c19950a76813af1cdcac44a68e8b7756747ef817a088e1", "size": 427}, "epoch": 39, "loss": 0.004889071919023991, "mse": 0.004889071919023991, "val_loss": 0.0054159765131771564, "val_mse": 0.0054159765131771564, "_runtime": 145, "_timestamp": 1619176568, "_step": 42, "best_val_loss": 0.0054159765131771564, "best_epoch": 39, "mape": 62.82018906728581, "rmse": 0.7233073228459256, "mae": 0.4539617560885312}