{"graph": {"_type": "graph-file", "path": "media/graph/graph_summary_fa9655b5.graph.json", "sha256": "fa9655b54be85e8957eefd4b9ce51c3ca45f2c4f988a03b7623ba22da68c809f", "size": 427}, "epoch": 39, "loss": 0.007576896343380213, "mse": 0.007576896343380213, "val_loss": 0.003716189879924059, "val_mse": 0.003716189879924059, "_runtime": 55, "_timestamp": 1618919799, "_step": 42, "best_val_loss": 0.003703583963215351, "best_epoch": 36, "mape": 142.21030075932202, "rmse": 0.3334286608258636, "mae": 0.2152247141516468}