{"graph": {"_type": "graph-file", "path": "media/graph/graph_summary_b26b436d.graph.json", "sha256": "b26b436de998f5af35c19950a76813af1cdcac44a68e8b7756747ef817a088e1", "size": 427}, "epoch": 9, "loss": 0.013471949845552444, "mse": 0.013471949845552444, "val_loss": 0.0032881994266062975, "val_mse": 0.0032881994266062975, "_runtime": 34, "_timestamp": 1619523119, "_step": 12, "best_val_loss": 0.0029073122423142195, "best_epoch": 4, "mape": 80.33342281009024, "rmse": 0.3231145275703593, "mae": 0.213476722060897}