{"graph": {"_type": "graph-file", "path": "media/graph/graph_summary_fa9655b5.graph.json", "sha256": "fa9655b54be85e8957eefd4b9ce51c3ca45f2c4f988a03b7623ba22da68c809f", "size": 427}, "epoch": 39, "loss": 0.014133008196949959, "mse": 0.014133008196949959, "val_loss": 0.013953090645372868, "val_mse": 0.013953090645372868, "_runtime": 38, "_timestamp": 1618920487, "_step": 42, "best_val_loss": 0.01387452520430088, "best_epoch": 37, "mape": 119.23171794984022, "rmse": 0.3502657839911746, "mae": 0.223723812450324}