{"graph": {"_type": "graph-file", "path": "media/graph/graph_summary_b26b436d.graph.json", "sha256": "b26b436de998f5af35c19950a76813af1cdcac44a68e8b7756747ef817a088e1", "size": 427}, "epoch": 26, "loss": 0.004042297601699829, "mse": 0.004042297601699829, "val_loss": 0.0035681603476405144, "val_mse": 0.0035681601148098707, "_runtime": 173, "_timestamp": 1619536646, "_step": 29, "best_val_loss": 0.0035355128347873688, "best_epoch": 21, "mape": 48.73472230409718, "rmse": 0.4748747153731349, "mae": 0.3054694072387317}