{"graph": {"_type": "graph-file", "path": "media/graph/graph_summary_b26b436d.graph.json", "sha256": "b26b436de998f5af35c19950a76813af1cdcac44a68e8b7756747ef817a088e1", "size": 427}, "epoch": 39, "loss": 0.0062227677553892136, "mse": 0.0062227677553892136, "val_loss": 0.0038962597027420998, "val_mse": 0.0038962599355727434, "_runtime": 163, "_timestamp": 1618584758, "_step": 42, "best_val_loss": 0.0038962597027420998, "best_epoch": 39, "mape": 140.23569379882258, "rmse": 0.3576888266422058, "mae": 0.2344959602074884}