{"graph": {"_type": "graph-file", "path": "media/graph/graph_summary_fa9655b5.graph.json", "sha256": "fa9655b54be85e8957eefd4b9ce51c3ca45f2c4f988a03b7623ba22da68c809f", "size": 427}, "epoch": 39, "loss": 0.0054730139672756195, "mse": 0.0054730139672756195, "val_loss": 0.0031258410308510065, "val_mse": 0.0031258410308510065, "_runtime": 43, "_timestamp": 1619532028, "_step": 42, "best_val_loss": 0.0031258410308510065, "best_epoch": 39, "mape": 73.98540470047057, "rmse": 0.2883724836510624, "mae": 0.18927418032426577}