{"graph": {"_type": "graph-file", "path": "media/graph/graph_summary_fa9655b5.graph.json", "sha256": "fa9655b54be85e8957eefd4b9ce51c3ca45f2c4f988a03b7623ba22da68c809f", "size": 427}, "epoch": 39, "loss": 0.009381457231938839, "mse": 0.009381457231938839, "val_loss": 0.007701498921960592, "val_mse": 0.007701498921960592, "_runtime": 91, "_timestamp": 1619130437, "_step": 42, "best_val_loss": 0.007701498921960592, "best_epoch": 39, "mape": 40.00902145537716, "rmse": 0.7964086151809444, "mae": 0.48221425518244665}