{"graph": {"_type": "graph-file", "path": "media/graph/graph_summary_121c2d31.graph.json", "sha256": "121c2d31a5daa82f50f79dc4911271dddd13c58e74be0d638821fcae0420ce73", "size": 446}, "epoch": 22, "loss": 0.006571874022483826, "mean_squared_error": 0.006571874022483826, "val_loss": 0.009714314714074135, "val_mean_squared_error": 0.009714314714074135, "_runtime": 2823, "_timestamp": 1617982379, "_step": 25, "best_val_loss": 0.00955208670347929, "best_epoch": 12, "mape": 62.04335979018094, "rmse": 0.7088486820676992, "mae": 0.44421499136286935}