{"graph": {"_type": "graph-file", "path": "media/graph/graph_summary_b26b436d.graph.json", "sha256": "b26b436de998f5af35c19950a76813af1cdcac44a68e8b7756747ef817a088e1", "size": 427}, "epoch": 39, "loss": 0.004500979091972113, "mse": 0.004500979091972113, "val_loss": 0.0018996578874066472, "val_mse": 0.0018996578874066472, "_runtime": 155, "_timestamp": 1618586330, "_step": 42, "best_val_loss": 0.00186524901073426, "best_epoch": 38, "mape": 149.7820370004896, "rmse": 0.3857589288943091, "mae": 0.25453897122489755}