{"graph": {"_type": "graph-file", "path": "media/graph/graph_summary_fa9655b5.graph.json", "sha256": "fa9655b54be85e8957eefd4b9ce51c3ca45f2c4f988a03b7623ba22da68c809f", "size": 427}, "epoch": 33, "loss": 0.005493178032338619, "mse": 0.005493178032338619, "val_loss": 0.003403836628422141, "val_mse": 0.003403836628422141, "_runtime": 38, "_timestamp": 1619533449, "_step": 36, "best_val_loss": 0.0034008189104497433, "best_epoch": 28, "mape": 86.51638230547387, "rmse": 0.3178907987608832, "mae": 0.20829013151238115}