{"graph": {"_type": "graph-file", "path": "media/graph/graph_summary_fa9655b5.graph.json", "sha256": "fa9655b54be85e8957eefd4b9ce51c3ca45f2c4f988a03b7623ba22da68c809f", "size": 427}, "epoch": 8, "loss": 0.0035761669278144836, "mse": 0.0035761669278144836, "val_loss": 0.0007314610411413014, "val_mse": 0.0007314610411413014, "_runtime": 17, "_timestamp": 1618920069, "_step": 11, "best_val_loss": 0.0006720887031406164, "best_epoch": 3, "mape": 142.39120229782222, "rmse": 0.39168110997499717, "mae": 0.2470382994946266}