{"graph": {"_type": "graph-file", "path": "media/graph/graph_summary_fa9655b5.graph.json", "sha256": "fa9655b54be85e8957eefd4b9ce51c3ca45f2c4f988a03b7623ba22da68c809f", "size": 427}, "epoch": 22, "loss": 0.008440101519227028, "mse": 0.008440101519227028, "val_loss": 0.005335899069905281, "val_mse": 0.005335899069905281, "_runtime": 40, "_timestamp": 1618920607, "_step": 25, "best_val_loss": 0.005335361231118441, "best_epoch": 17, "mape": 116.11413945597114, "rmse": 0.34804082385397794, "mae": 0.22245065493030128}