{"graph": {"_type": "graph-file", "path": "media/graph/graph_summary_fa9655b5.graph.json", "sha256": "fa9655b54be85e8957eefd4b9ce51c3ca45f2c4f988a03b7623ba22da68c809f", "size": 427}, "epoch": 15, "loss": 0.010750844143331051, "mse": 0.010750844143331051, "val_loss": 0.011354784481227398, "val_mse": 0.011354784481227398, "_runtime": 27, "_timestamp": 1619532806, "_step": 18, "best_val_loss": 0.011316639371216297, "best_epoch": 10, "mape": 78.25929067347457, "rmse": 0.298197957986912, "mae": 0.19610189144899873}