{"graph": {"_type": "graph-file", "path": "media/graph/graph_summary_b26b436d.graph.json", "sha256": "b26b436de998f5af35c19950a76813af1cdcac44a68e8b7756747ef817a088e1", "size": 427}, "epoch": 18, "loss": 0.007533639203757048, "mse": 0.007533639203757048, "val_loss": 0.005894239526242018, "val_mse": 0.005894239526242018, "_runtime": 125, "_timestamp": 1619537427, "_step": 21, "best_val_loss": 0.005873534362763166, "best_epoch": 13, "mape": 52.04560332343294, "rmse": 0.4758049695603727, "mae": 0.3069799803329135}