{"graph": {"_type": "graph-file", "path": "media/graph/graph_summary_fa9655b5.graph.json", "sha256": "fa9655b54be85e8957eefd4b9ce51c3ca45f2c4f988a03b7623ba22da68c809f", "size": 427}, "epoch": 21, "loss": 0.009795882739126682, "mse": 0.009795882739126682, "val_loss": 0.010193134658038616, "val_mse": 0.010193134658038616, "_runtime": 51, "_timestamp": 1619599533, "_step": 24, "best_val_loss": 0.010161756537854671, "best_epoch": 16, "mape": 59.563312781515116, "rmse": 0.6008336059051655, "mae": 0.3818412494033559}