{"graph": {"_type": "graph-file", "path": "media/graph/graph_summary_fa9655b5.graph.json", "sha256": "fa9655b54be85e8957eefd4b9ce51c3ca45f2c4f988a03b7623ba22da68c809f", "size": 427}, "epoch": 10, "loss": 0.006806149613112211, "mse": 0.006806149613112211, "val_loss": 0.0036753639578819275, "val_mse": 0.0036753639578819275, "_runtime": 18, "_timestamp": 1618920808, "_step": 13, "best_val_loss": 0.0035642399452626705, "best_epoch": 5, "mape": 132.5037633168977, "rmse": 0.34507167889284823, "mae": 0.22214663847374783}