{"graph": {"_type": "graph-file", "path": "media/graph/graph_summary_b26b436d.graph.json", "sha256": "b26b436de998f5af35c19950a76813af1cdcac44a68e8b7756747ef817a088e1", "size": 427}, "epoch": 9, "loss": 0.01008942723274231, "mse": 0.01008942723274231, "val_loss": 0.010451845824718475, "val_mse": 0.010451845824718475, "_runtime": 73, "_timestamp": 1619391140, "_step": 12, "best_val_loss": 0.010445645079016685, "best_epoch": 4, "mape": 64.43428498142343, "rmse": 0.7710250796007099, "mae": 0.48929542492465394}