{"graph": {"_type": "graph-file", "path": "media/graph/graph_summary_567b7228.graph.json", "sha256": "567b7228a9575f08492a183e699d766a3131dd40037fa4d74c9c057e380fee5a", "size": 708}, "epoch": 9, "loss": 0.006389020010828972, "mse": 0.006389020010828972, "val_loss": 0.010046497918665409, "val_mse": 0.010046497918665409, "_runtime": 11588, "_timestamp": 1618401603, "_step": 12, "best_val_loss": 0.009715748019516468, "best_epoch": 4, "mape": 62.97565924774789, "rmse": 0.7028046494386898, "mae": 0.442279737205462}