{"graph": {"_type": "graph-file", "path": "media/graph/graph_summary_b26b436d.graph.json", "sha256": "b26b436de998f5af35c19950a76813af1cdcac44a68e8b7756747ef817a088e1", "size": 427}, "epoch": 16, "loss": 0.005771597847342491, "mse": 0.005771597847342491, "val_loss": 0.0029621769208461046, "val_mse": 0.0029621769208461046, "_runtime": 75, "_timestamp": 1618762360, "_step": 19, "best_val_loss": 0.0029422708321362734, "best_epoch": 11, "mape": 136.45669174996476, "rmse": 0.34247663866924083, "mae": 0.22318208389946306}