{"graph": {"_type": "graph-file", "path": "media/graph/graph_summary_fa9655b5.graph.json", "sha256": "fa9655b54be85e8957eefd4b9ce51c3ca45f2c4f988a03b7623ba22da68c809f", "size": 427}, "epoch": 5, "loss": 0.00850503146648407, "mse": 0.00850503146648407, "val_loss": 0.017298942431807518, "val_mse": 0.017298942431807518, "_runtime": 7, "_timestamp": 1619533235, "_step": 8, "best_val_loss": 0.014933420345187187, "best_epoch": 0, "mape": 75.94566551420904, "rmse": 0.3170225775818521, "mae": 0.20742966532917131}