{"graph": {"_type": "graph-file", "path": "media/graph/graph_summary_b26b436d.graph.json", "sha256": "b26b436de998f5af35c19950a76813af1cdcac44a68e8b7756747ef817a088e1", "size": 427}, "epoch": 14, "loss": 0.009639529511332512, "mse": 0.009639529511332512, "val_loss": 0.0054441480897367, "val_mse": 0.0054441480897367, "_runtime": 53, "_timestamp": 1618579333, "_step": 17, "best_val_loss": 0.005440691951662302, "best_epoch": 9, "mape": 153.34272150821016, "rmse": 0.3796169663395499, "mae": 0.24743512625948044}