{"graph": {"_type": "graph-file", "path": "media/graph/graph_summary_b26b436d.graph.json", "sha256": "b26b436de998f5af35c19950a76813af1cdcac44a68e8b7756747ef817a088e1", "size": 427}, "epoch": 7, "loss": 0.012197047472000122, "mse": 0.012197047472000122, "val_loss": 0.014747986570000648, "val_mse": 0.014747986570000648, "_runtime": 44, "_timestamp": 1618761604, "_step": 10, "best_val_loss": 0.01459531206637621, "best_epoch": 2, "mape": 146.1267850052731, "rmse": 0.3543351209751481, "mae": 0.23031796705195237}