{"graph": {"_type": "graph-file", "path": "media/graph/graph_summary_fa9655b5.graph.json", "sha256": "fa9655b54be85e8957eefd4b9ce51c3ca45f2c4f988a03b7623ba22da68c809f", "size": 427}, "epoch": 5, "loss": 0.01071033626794815, "mse": 0.01071033626794815, "val_loss": 0.005484855733811855, "val_mse": 0.005484855733811855, "_runtime": 10, "_timestamp": 1619533020, "_step": 8, "best_val_loss": 0.004516066052019596, "best_epoch": 0, "mape": 76.12917783737136, "rmse": 0.3090347686413749, "mae": 0.2018005507941486}