{"graph": {"_type": "graph-file", "path": "media/graph/graph_summary_fa9655b5.graph.json", "sha256": "fa9655b54be85e8957eefd4b9ce51c3ca45f2c4f988a03b7623ba22da68c809f", "size": 427}, "epoch": 19, "loss": 0.006318503990769386, "mse": 0.006318503990769386, "val_loss": 0.009499168023467064, "val_mse": 0.009499168023467064, "_runtime": 1464, "_timestamp": 1619047816, "_step": 22, "best_val_loss": 0.00940978154540062, "best_epoch": 9, "mape": 59.75767931357353, "rmse": 0.6798346990889248, "mae": 0.42620865743403347}