{"graph": {"_type": "graph-file", "path": "media/graph/graph_summary_fa9655b5.graph.json", "sha256": "fa9655b54be85e8957eefd4b9ce51c3ca45f2c4f988a03b7623ba22da68c809f", "size": 427}, "epoch": 15, "loss": 0.005429939832538366, "mse": 0.005429939832538366, "val_loss": 0.05066196247935295, "val_mse": 0.05066196247935295, "_runtime": 15, "_timestamp": 1619599900, "_step": 18, "best_val_loss": 0.04947733134031296, "best_epoch": 10, "mape": 64.94000542613102, "rmse": 0.5776064573202088, "mae": 0.3675494034046515}