{"graph": {"_type": "graph-file", "path": "media/graph/graph_summary_b26b436d.graph.json", "sha256": "b26b436de998f5af35c19950a76813af1cdcac44a68e8b7756747ef817a088e1", "size": 427}, "epoch": 7, "loss": 0.008411640301346779, "mse": 0.008411640301346779, "val_loss": 0.0062465243972837925, "val_mse": 0.0062465243972837925, "_runtime": 13, "_timestamp": 1619538875, "_step": 10, "best_val_loss": 0.006104016210883856, "best_epoch": 2, "mape": 64.46050155617297, "rmse": 0.5722468644677863, "mae": 0.3655539671952531}