{"graph": {"_type": "graph-file", "path": "media/graph/graph_summary_b26b436d.graph.json", "sha256": "b26b436de998f5af35c19950a76813af1cdcac44a68e8b7756747ef817a088e1", "size": 427}, "epoch": 9, "loss": 0.011359317228198051, "mse": 0.011359317228198051, "val_loss": 0.02434447966516018, "val_mse": 0.02434447966516018, "_runtime": 42, "_timestamp": 1618584434, "_step": 12, "best_val_loss": 0.02311628870666027, "best_epoch": 4, "mape": 139.63351815689242, "rmse": 0.3561899046673233, "mae": 0.2337316629629511}