{"graph": {"_type": "graph-file", "path": "media/graph/graph_summary_b26b436d.graph.json", "sha256": "b26b436de998f5af35c19950a76813af1cdcac44a68e8b7756747ef817a088e1", "size": 427}, "epoch": 39, "loss": 0.008030381053686142, "mse": 0.008030381053686142, "val_loss": 0.0038609374314546585, "val_mse": 0.0038609374314546585, "_runtime": 154, "_timestamp": 1618759023, "_step": 42, "best_val_loss": 0.0038609374314546585, "best_epoch": 39, "mape": 145.99174960054108, "rmse": 0.34067612797564384, "mae": 0.22103016247238433}