{"graph": {"_type": "graph-file", "path": "media/graph/graph_summary_fa9655b5.graph.json", "sha256": "fa9655b54be85e8957eefd4b9ce51c3ca45f2c4f988a03b7623ba22da68c809f", "size": 427}, "epoch": 39, "loss": 0.009867819957435131, "mse": 0.009867819026112556, "val_loss": 0.005505901295691729, "val_mse": 0.005505901295691729, "_runtime": 47, "_timestamp": 1619531620, "_step": 42, "best_val_loss": 0.005481734871864319, "best_epoch": 36, "mape": 74.8922478969959, "rmse": 0.2869920051114609, "mae": 0.18800583630495327}