{"graph": {"_type": "graph-file", "path": "media/graph/graph_summary_fa9655b5.graph.json", "sha256": "fa9655b54be85e8957eefd4b9ce51c3ca45f2c4f988a03b7623ba22da68c809f", "size": 427}, "epoch": 5, "loss": 0.009857906959950924, "mse": 0.009857906959950924, "val_loss": 0.004321570508182049, "val_mse": 0.004321570508182049, "_runtime": 10, "_timestamp": 1619531255, "_step": 8, "best_val_loss": 0.004083758220076561, "best_epoch": 0, "mape": 82.33948591507774, "rmse": 0.32925822090495405, "mae": 0.21766690192606944}