,mape,rmse
1,197.98678306247547,24.964539634430626
2,187.76874513005896,24.059147101624948
3,193.30508017470552,24.882325691180483
4,195.90547222348914,24.42223591964295
5,212.7419729011022,24.895410669896357
6,227.3653220067283,27.23657182014153
7,224.77571822406915,26.57936031033042
8,231.54382401999572,27.804694606143965
9,236.11035050840363,29.096892564305552
10,238.85740716660635,28.903381489024042
