,mape,rmse
1,26.404318381838493,691.6661771116244
2,27.31326538839365,703.9145549491803
3,25.401305013789415,669.912667371392
4,26.1567207074243,697.4611145281749
5,24.7669708013451,689.2725554105723
6,25.50944384131444,700.9525268486445
7,26.538533927733138,735.8152945009364
8,25.5327401776067,720.8384726108245
9,26.435734480805916,714.970489457952
10,26.103362743553088,727.1368699416581
