,mape,rmse
1,187.8124788109898,19.186339132779068
2,197.60527226608568,20.11973184646524
3,190.18156113107926,20.14689270445068
4,181.88791585919606,20.118641657821453
5,183.30745979106248,20.137583367879063
6,177.556771059283,20.82343743819184
7,173.78367289665334,21.181068019254838
8,178.99272979111066,21.39086913376578
9,183.71271339224413,21.40340009156508
10,184.98279571721068,21.49025303598067
