{"graph": {"_type": "graph-file", "path": "media/graph/graph_summary_b26b436d.graph.json", "sha256": "b26b436de998f5af35c19950a76813af1cdcac44a68e8b7756747ef817a088e1", "size": 427}, "epoch": 19, "loss": 0.012306689284741879, "mse": 0.012306689284741879, "val_loss": 0.005959878675639629, "val_mse": 0.005959878675639629, "_runtime": 73, "_timestamp": 1619523470, "_step": 22, "best_val_loss": 0.005941169802099466, "best_epoch": 14, "mape": 80.84689566154121, "rmse": 0.32668909215542874, "mae": 0.21610091697141628}