{"graph": {"_type": "graph-file", "path": "media/graph/graph_summary_b26b436d.graph.json", "sha256": "b26b436de998f5af35c19950a76813af1cdcac44a68e8b7756747ef817a088e1", "size": 427}, "epoch": 50, "loss": 0.00620231730863452, "mse": 0.00620231730863452, "val_loss": 0.0045323362573981285, "val_mse": 0.004532336723059416, "_runtime": 314, "_timestamp": 1619536469, "_step": 53, "best_val_loss": 0.004528699442744255, "best_epoch": 45, "mape": 47.426955087064115, "rmse": 0.5232375609911988, "mae": 0.3374565609664823}