{"graph": {"_type": "graph-file", "path": "media/graph/graph_summary_b26b436d.graph.json", "sha256": "b26b436de998f5af35c19950a76813af1cdcac44a68e8b7756747ef817a088e1", "size": 427}, "epoch": 11, "loss": 0.008592827245593071, "mse": 0.008592828176915646, "val_loss": 0.0032487353309988976, "val_mse": 0.0032487353309988976, "_runtime": 39, "_timestamp": 1619524424, "_step": 14, "best_val_loss": 0.003210472408682108, "best_epoch": 6, "mape": 90.72470924323444, "rmse": 0.3295444956799879, "mae": 0.21753108660829817}