{"graph": {"_type": "graph-file", "path": "media/graph/graph_summary_b26b436d.graph.json", "sha256": "b26b436de998f5af35c19950a76813af1cdcac44a68e8b7756747ef817a088e1", "size": 427}, "epoch": 15, "loss": 0.012026228941977024, "mse": 0.012026228941977024, "val_loss": 0.011714775115251541, "val_mse": 0.011714775115251541, "_runtime": 61, "_timestamp": 1619538966, "_step": 18, "best_val_loss": 0.01147251296788454, "best_epoch": 10, "mape": 67.60137414611452, "rmse": 0.6048550828478633, "mae": 0.3926580781853931}