{"graph": {"_type": "graph-file", "path": "media/graph/graph_summary_b26b436d.graph.json", "sha256": "b26b436de998f5af35c19950a76813af1cdcac44a68e8b7756747ef817a088e1", "size": 427}, "epoch": 39, "loss": 0.003577037714421749, "mse": 0.003577037714421749, "val_loss": 0.001415490754880011, "val_mse": 0.001415490754880011, "_runtime": 130, "_timestamp": 1619519008, "_step": 42, "best_val_loss": 0.001415490754880011, "best_epoch": 39, "mape": 78.30974812286212, "rmse": 0.3021136183419183, "mae": 0.1977597305486764}