{"graph": {"_type": "graph-file", "path": "media/graph/graph_summary_b26b436d.graph.json", "sha256": "b26b436de998f5af35c19950a76813af1cdcac44a68e8b7756747ef817a088e1", "size": 427}, "epoch": 12, "loss": 0.006549091078341007, "mse": 0.006549091078341007, "val_loss": 0.009799614548683167, "val_mse": 0.009799613617360592, "_runtime": 2700, "_timestamp": 1618319700, "_step": 12, "best_val_loss": 0.009654510766267776, "best_epoch": 7}