{"graph": {"_type": "graph-file", "path": "media/graph/graph_summary_b26b436d.graph.json", "sha256": "b26b436de998f5af35c19950a76813af1cdcac44a68e8b7756747ef817a088e1", "size": 427}, "epoch": 6, "loss": 0.009274985641241074, "mse": 0.009274985641241074, "val_loss": 0.006120169535279274, "val_mse": 0.006120169535279274, "_runtime": 40, "_timestamp": 1618760649, "_step": 9, "best_val_loss": 0.0060269795358181, "best_epoch": 1, "mape": 131.75199333554292, "rmse": 0.3677476292199668, "mae": 0.23606425633137185}