{"graph": {"_type": "graph-file", "path": "media/graph/graph_summary_b26b436d.graph.json", "sha256": "b26b436de998f5af35c19950a76813af1cdcac44a68e8b7756747ef817a088e1", "size": 427}, "epoch": 15, "loss": 0.007415983360260725, "mse": 0.007415983360260725, "val_loss": 0.007871654815971851, "val_mse": 0.007871654815971851, "_runtime": 3981, "_timestamp": 1619454750, "_step": 15, "best_val_loss": 0.007871654815971851, "best_epoch": 15}