{"graph": {"_type": "graph-file", "path": "media/graph/graph_summary_b26b436d.graph.json", "sha256": "b26b436de998f5af35c19950a76813af1cdcac44a68e8b7756747ef817a088e1", "size": 427}, "epoch": 17, "loss": 0.005256896372884512, "mse": 0.005256895907223225, "val_loss": 0.0005213848198764026, "val_mse": 0.0005213848198764026, "_runtime": 96, "_timestamp": 1619391014, "_step": 20, "best_val_loss": 0.0004803485353477299, "best_epoch": 12, "mape": 53.46902651621181, "rmse": 0.72942735248234, "mae": 0.46098923355617133}