{"graph": {"_type": "graph-file", "path": "media/graph/graph_summary_b26b436d.graph.json", "sha256": "b26b436de998f5af35c19950a76813af1cdcac44a68e8b7756747ef817a088e1", "size": 427}, "epoch": 6, "loss": 0.00801643542945385, "mse": 0.008016434498131275, "val_loss": 0.004700116813182831, "val_mse": 0.0047001163475215435, "_runtime": 39, "_timestamp": 1619519777, "_step": 9, "best_val_loss": 0.004475800786167383, "best_epoch": 1, "mape": 75.51057485733814, "rmse": 0.28333882289114537, "mae": 0.18648059336522213}