{"graph": {"_type": "graph-file", "path": "media/graph/graph_summary_fa9655b5.graph.json", "sha256": "fa9655b54be85e8957eefd4b9ce51c3ca45f2c4f988a03b7623ba22da68c809f", "size": 427}, "epoch": 39, "loss": 0.00579701317474246, "mse": 0.00579701317474246, "val_loss": 0.0014566410100087523, "val_mse": 0.0014566410100087523, "_runtime": 52, "_timestamp": 1619530859, "_step": 42, "best_val_loss": 0.0014566410100087523, "best_epoch": 39, "mape": 66.19992475627147, "rmse": 0.23209349552266006, "mae": 0.15201269696168074}