{"graph": {"_type": "graph-file", "path": "media/graph/graph_summary_b26b436d.graph.json", "sha256": "b26b436de998f5af35c19950a76813af1cdcac44a68e8b7756747ef817a088e1", "size": 427}, "epoch": 39, "loss": 0.004164839629083872, "mse": 0.004164839629083872, "val_loss": 0.0036596565041691065, "val_mse": 0.00365965673699975, "_runtime": 189, "_timestamp": 1618765329, "_step": 42, "best_val_loss": 0.0036596565041691065, "best_epoch": 39, "mape": 134.54320293733818, "rmse": 0.3736831018991566, "mae": 0.24506642537667397}