{"graph": {"_type": "graph-file", "path": "media/graph/graph_summary_b26b436d.graph.json", "sha256": "b26b436de998f5af35c19950a76813af1cdcac44a68e8b7756747ef817a088e1", "size": 427}, "epoch": 5, "loss": 0.011604075320065022, "mse": 0.011604075320065022, "val_loss": 0.009654372930526733, "val_mse": 0.009654372930526733, "_runtime": 23, "_timestamp": 1619391041, "_step": 8, "best_val_loss": 0.008337880484759808, "best_epoch": 0, "mape": 55.50906798665538, "rmse": 0.7168743718609346, "mae": 0.4544000344384923}