{"graph": {"_type": "graph-file", "path": "media/graph/graph_summary_b26b436d.graph.json", "sha256": "b26b436de998f5af35c19950a76813af1cdcac44a68e8b7756747ef817a088e1", "size": 427}, "epoch": 49, "loss": 0.009275872260332108, "mse": 0.009275872260332108, "val_loss": 0.007524336688220501, "val_mse": 0.007524336688220501, "_runtime": 310, "_timestamp": 1619536058, "_step": 52, "best_val_loss": 0.007427086587995291, "best_epoch": 44, "mape": 41.63297265960504, "rmse": 0.4590246926452845, "mae": 0.28856362482561493}