{"graph": {"_type": "graph-file", "path": "media/graph/graph_summary_fa9655b5.graph.json", "sha256": "fa9655b54be85e8957eefd4b9ce51c3ca45f2c4f988a03b7623ba22da68c809f", "size": 427}, "epoch": 30, "loss": 0.006447706837207079, "mse": 0.006447706837207079, "val_loss": 0.004606529604643583, "val_mse": 0.004606529604643583, "_runtime": 45, "_timestamp": 1618920187, "_step": 33, "best_val_loss": 0.004578376654535532, "best_epoch": 25, "mape": 134.42134590908347, "rmse": 0.400316421790392, "mae": 0.2534206785424976}