{"graph": {"_type": "graph-file", "path": "media/graph/graph_summary_fa9655b5.graph.json", "sha256": "fa9655b54be85e8957eefd4b9ce51c3ca45f2c4f988a03b7623ba22da68c809f", "size": 427}, "epoch": 6, "loss": 0.006548304110765457, "mse": 0.006548304110765457, "val_loss": 0.009439805522561073, "val_mse": 0.009439805522561073, "_runtime": 317, "_timestamp": 1619460622, "_step": 6, "best_val_loss": 0.009416979737579823, "best_epoch": 4}