{"graph": {"_type": "graph-file", "path": "media/graph/graph_summary_fa9655b5.graph.json", "sha256": "fa9655b54be85e8957eefd4b9ce51c3ca45f2c4f988a03b7623ba22da68c809f", "size": 427}, "epoch": 39, "loss": 0.004026055335998535, "mse": 0.004026055335998535, "val_loss": 0.0034651723690330982, "val_mse": 0.0034651723690330982, "_runtime": 59, "_timestamp": 1618922237, "_step": 42, "best_val_loss": 0.0034651723690330982, "best_epoch": 39, "mape": 122.00169523908075, "rmse": 0.3623373682027782, "mae": 0.2347191559243773}