{"graph": {"_type": "graph-file", "path": "media/graph/graph_summary_b26b436d.graph.json", "sha256": "b26b436de998f5af35c19950a76813af1cdcac44a68e8b7756747ef817a088e1", "size": 427}, "epoch": 16, "loss": 0.0070418063551187515, "mse": 0.0070418063551187515, "val_loss": 0.00494620343670249, "val_mse": 0.00494620343670249, "_runtime": 57, "_timestamp": 1618759995, "_step": 19, "best_val_loss": 0.0049217501655220985, "best_epoch": 11, "mape": 137.9812868213663, "rmse": 0.40319938285688456, "mae": 0.25774798016897654}