{"graph": {"_type": "graph-file", "path": "media/graph/graph_summary_fa9655b5.graph.json", "sha256": "fa9655b54be85e8957eefd4b9ce51c3ca45f2c4f988a03b7623ba22da68c809f", "size": 427}, "epoch": 13, "loss": 0.008553438819944859, "mse": 0.008553438819944859, "val_loss": 0.02057790569961071, "val_mse": 0.02057790569961071, "_runtime": 13, "_timestamp": 1619181434, "_step": 16, "best_val_loss": 0.020429063588380814, "best_epoch": 8, "mape": 58.21976617919915, "rmse": 0.6832519312356893, "mae": 0.4274508821827773}