{"graph": {"_type": "graph-file", "path": "media/graph/graph_summary_fa9655b5.graph.json", "sha256": "fa9655b54be85e8957eefd4b9ce51c3ca45f2c4f988a03b7623ba22da68c809f", "size": 427}, "epoch": 10, "loss": 0.00958515889942646, "mse": 0.00958515889942646, "val_loss": 0.005479203071445227, "val_mse": 0.005479203071445227, "_runtime": 16, "_timestamp": 1618919890, "_step": 13, "best_val_loss": 0.005374657455831766, "best_epoch": 5, "mape": 147.11201647645686, "rmse": 0.3721760562628051, "mae": 0.24163887175675802}