{"graph": {"_type": "graph-file", "path": "media/graph/graph_summary_b26b436d.graph.json", "sha256": "b26b436de998f5af35c19950a76813af1cdcac44a68e8b7756747ef817a088e1", "size": 427}, "epoch": 14, "loss": 0.012074805796146393, "mse": 0.012074805796146393, "val_loss": 0.011668824590742588, "val_mse": 0.011668824590742588, "_runtime": 60, "_timestamp": 1619391996, "_step": 17, "best_val_loss": 0.011453652754426003, "best_epoch": 9, "mape": 66.34746604955035, "rmse": 0.7188642826751515, "mae": 0.4597006081978518}