{"graph": {"_type": "graph-file", "path": "media/graph/graph_summary_b26b436d.graph.json", "sha256": "b26b436de998f5af35c19950a76813af1cdcac44a68e8b7756747ef817a088e1", "size": 427}, "epoch": 32, "loss": 0.0033933413214981556, "mse": 0.0033933413214981556, "val_loss": 0.0019273554207757115, "val_mse": 0.0019273554207757115, "_runtime": 193, "_timestamp": 1619537099, "_step": 35, "best_val_loss": 0.0019227247685194016, "best_epoch": 27, "mape": 51.27504805505248, "rmse": 0.48006818930334993, "mae": 0.31246679988177434}