{"graph": {"_type": "graph-file", "path": "media/graph/graph_summary_b75de61a.graph.json", "sha256": "b75de61a50185e9d0035069fbaa78c2a16103c528fc496534d14c95f561db4e9", "size": 446}, "epoch": 99, "loss": 0.00628644647076726, "mean_squared_error": 0.00628644647076726, "val_loss": 0.009978881105780602, "val_mean_squared_error": 0.009978881105780602, "_runtime": 7405, "_timestamp": 1617993077, "_step": 102, "best_val_loss": 0.009640661999583244, "best_epoch": 18, "mape": 64.99603690383036, "rmse": 0.7055538619780786, "mae": 0.4491915874980557}