{"graph": {"_type": "graph-file", "path": "media/graph/graph_summary_fa9655b5.graph.json", "sha256": "fa9655b54be85e8957eefd4b9ce51c3ca45f2c4f988a03b7623ba22da68c809f", "size": 427}, "epoch": 39, "loss": 0.007757651619613171, "mse": 0.007757651619613171, "val_loss": 0.015157020650804043, "val_mse": 0.015157020650804043, "_runtime": 44, "_timestamp": 1619532496, "_step": 42, "best_val_loss": 0.015149500221014023, "best_epoch": 38, "mape": 74.13720675313454, "rmse": 0.293210098342092, "mae": 0.19226575344506563}