{"graph": {"_type": "graph-file", "path": "media/graph/graph_summary_b26b436d.graph.json", "sha256": "b26b436de998f5af35c19950a76813af1cdcac44a68e8b7756747ef817a088e1", "size": 427}, "epoch": 39, "loss": 0.004419247154146433, "mse": 0.004419246688485146, "val_loss": 0.005366907920688391, "val_mse": 0.005366907920688391, "_runtime": 160, "_timestamp": 1618764112, "_step": 42, "best_val_loss": 0.0053506288677453995, "best_epoch": 37, "mape": 140.65972465959356, "rmse": 0.35652783934347276, "mae": 0.23381203323203395}