{"graph": {"_type": "graph-file", "path": "media/graph/graph_summary_b26b436d.graph.json", "sha256": "b26b436de998f5af35c19950a76813af1cdcac44a68e8b7756747ef817a088e1", "size": 427}, "epoch": 40, "loss": 0.004850035533308983, "mse": 0.004850035533308983, "val_loss": 0.00539211742579937, "val_mse": 0.005392117891460657, "_runtime": 149, "_timestamp": 1619538504, "_step": 43, "best_val_loss": 0.0053917826153337955, "best_epoch": 35, "mape": 63.9536329065454, "rmse": 0.5892481953015186, "mae": 0.37676990401883637}