{"graph": {"_type": "graph-file", "path": "media/graph/graph_summary_fa9655b5.graph.json", "sha256": "fa9655b54be85e8957eefd4b9ce51c3ca45f2c4f988a03b7623ba22da68c809f", "size": 427}, "epoch": 34, "loss": 0.011399278417229652, "mse": 0.011399278417229652, "val_loss": 0.010288816876709461, "val_mse": 0.010288817808032036, "_runtime": 140, "_timestamp": 1618909016, "_step": 37, "best_val_loss": 0.009325923398137093, "best_epoch": 29, "mape": 247.14726541002068, "rmse": 24.963359449736608, "mae": 19.08670720912964}