{"graph": {"_type": "graph-file", "path": "media/graph/graph_summary_b26b436d.graph.json", "sha256": "b26b436de998f5af35c19950a76813af1cdcac44a68e8b7756747ef817a088e1", "size": 427}, "epoch": 22, "loss": 0.005165055859833956, "mse": 0.005165055859833956, "val_loss": 0.009538194164633751, "val_mse": 0.009538194164633751, "_runtime": 43, "_timestamp": 1619521801, "_step": 25, "best_val_loss": 0.0095370477065444, "best_epoch": 17, "mape": 78.64552079967014, "rmse": 0.2980227236618209, "mae": 0.1968944130272184}