{"graph": {"_type": "graph-file", "path": "media/graph/graph_summary_fa9655b5.graph.json", "sha256": "fa9655b54be85e8957eefd4b9ce51c3ca45f2c4f988a03b7623ba22da68c809f", "size": 427}, "epoch": 39, "loss": 0.0036962488666176796, "mse": 0.0036962488666176796, "val_loss": 0.003206219058483839, "val_mse": 0.003206219058483839, "_runtime": 54, "_timestamp": 1619533147, "_step": 42, "best_val_loss": 0.003206219058483839, "best_epoch": 39, "mape": 75.89166420688436, "rmse": 0.3187076976955878, "mae": 0.2084968896219368}