{"graph": {"_type": "graph-file", "path": "media/graph/graph_summary_fa9655b5.graph.json", "sha256": "fa9655b54be85e8957eefd4b9ce51c3ca45f2c4f988a03b7623ba22da68c809f", "size": 427}, "epoch": 8, "loss": 0.003646004479378462, "mse": 0.003646004479378462, "val_loss": 0.001493779243901372, "val_mse": 0.001493779243901372, "_runtime": 16, "_timestamp": 1618920269, "_step": 11, "best_val_loss": 0.0014787736581638455, "best_epoch": 3, "mape": 128.4464756668468, "rmse": 0.377101488330018, "mae": 0.2382052496668041}