{"graph": {"_type": "graph-file", "path": "media/graph/graph_summary_fa9655b5.graph.json", "sha256": "fa9655b54be85e8957eefd4b9ce51c3ca45f2c4f988a03b7623ba22da68c809f", "size": 427}, "epoch": 5, "loss": 0.00850503146648407, "mse": 0.00850503146648407, "val_loss": 0.017298942431807518, "val_mse": 0.017298942431807518, "_runtime": 8, "_timestamp": 1618922175, "_step": 8, "best_val_loss": 0.014933420345187187, "best_epoch": 0, "mape": 122.40560983188391, "rmse": 0.3644997931638696, "mae": 0.2364309875037168}