{"graph": {"_type": "graph-file", "path": "media/graph/graph_summary_b26b436d.graph.json", "sha256": "b26b436de998f5af35c19950a76813af1cdcac44a68e8b7756747ef817a088e1", "size": 427}, "epoch": 8, "loss": 0.0036083273589611053, "mse": 0.0036083273589611053, "val_loss": 0.0007419307949021459, "val_mse": 0.0007419307949021459, "_runtime": 47, "_timestamp": 1618579794, "_step": 11, "best_val_loss": 0.0007264365558512509, "best_epoch": 3, "mape": 148.3974528394653, "rmse": 0.3981104744241649, "mae": 0.25232637244137995}