{"graph": {"_type": "graph-file", "path": "media/graph/graph_summary_b26b436d.graph.json", "sha256": "b26b436de998f5af35c19950a76813af1cdcac44a68e8b7756747ef817a088e1", "size": 427}, "epoch": 9, "loss": 0.009100125171244144, "mse": 0.009100125171244144, "val_loss": 0.02183595672249794, "val_mse": 0.02183595672249794, "_runtime": 25, "_timestamp": 1619537994, "_step": 12, "best_val_loss": 0.021580487489700317, "best_epoch": 4, "mape": 62.62586997720191, "rmse": 0.548908720550849, "mae": 0.35630797136700104}