{"graph": {"_type": "graph-file", "path": "media/graph/graph_summary_fa9655b5.graph.json", "sha256": "fa9655b54be85e8957eefd4b9ce51c3ca45f2c4f988a03b7623ba22da68c809f", "size": 427}, "epoch": 19, "loss": 0.007980468682944775, "mse": 0.007980468682944775, "val_loss": 0.009479460306465626, "val_mse": 0.009479460306465626, "_runtime": 45, "_timestamp": 1619131448, "_step": 22, "best_val_loss": 0.00940992683172226, "best_epoch": 14, "mape": 59.8238022801856, "rmse": 0.6944269231636336, "mae": 0.43175734901785484}