{"graph": {"_type": "graph-file", "path": "media/graph/graph_summary_b26b436d.graph.json", "sha256": "b26b436de998f5af35c19950a76813af1cdcac44a68e8b7756747ef817a088e1", "size": 427}, "epoch": 23, "loss": 0.005556000862270594, "mse": 0.005556000862270594, "val_loss": 0.0030479803681373596, "val_mse": 0.0030479803681373596, "_runtime": 137, "_timestamp": 1619389651, "_step": 26, "best_val_loss": 0.003035342786461115, "best_epoch": 18, "mape": 46.51606153614011, "rmse": 0.70947406310598, "mae": 0.447438428220209}