{"graph": {"_type": "graph-file", "path": "media/graph/graph_summary_b26b436d.graph.json", "sha256": "b26b436de998f5af35c19950a76813af1cdcac44a68e8b7756747ef817a088e1", "size": 427}, "epoch": 18, "loss": 0.00483231246471405, "mse": 0.00483231246471405, "val_loss": 0.0040464759804308414, "val_mse": 0.0040464759804308414, "_runtime": 129, "_timestamp": 1619390914, "_step": 21, "best_val_loss": 0.004028957337141037, "best_epoch": 13, "mape": 46.922433760439226, "rmse": 0.6816862966860783, "mae": 0.4316373468031127}