{"graph": {"_type": "graph-file", "path": "media/graph/graph_summary_b26b436d.graph.json", "sha256": "b26b436de998f5af35c19950a76813af1cdcac44a68e8b7756747ef817a088e1", "size": 427}, "epoch": 7, "loss": 0.0011964102741330862, "mse": 0.0011964102741330862, "val_loss": 0.0006429846398532391, "val_mse": 0.0006429846398532391, "_runtime": 45, "_timestamp": 1619518628, "_step": 10, "best_val_loss": 0.0006388711626641452, "best_epoch": 2, "mape": 82.99075897082396, "rmse": 0.32056537268383684, "mae": 0.21058721713494422}