{"graph": {"_type": "graph-file", "path": "media/graph/graph_summary_fa9655b5.graph.json", "sha256": "fa9655b54be85e8957eefd4b9ce51c3ca45f2c4f988a03b7623ba22da68c809f", "size": 427}, "epoch": 99, "loss": 0.002121239434927702, "mse": 0.002121239434927702, "val_loss": 0.0028129499405622482, "val_mse": 0.0028129499405622482, "_runtime": 240, "_timestamp": 1619598614, "_step": 102, "best_val_loss": 0.002804674906656146, "best_epoch": 95, "mape": 28.46570002175058, "rmse": 0.5369789328650068, "mae": 0.33940002384103996}