{"graph": {"_type": "graph-file", "path": "media/graph/graph_summary_b26b436d.graph.json", "sha256": "b26b436de998f5af35c19950a76813af1cdcac44a68e8b7756747ef817a088e1", "size": 427}, "epoch": 6, "loss": 0.015466703101992607, "mse": 0.015466703101992607, "val_loss": 0.0007668142789043486, "val_mse": 0.0007668142789043486, "_runtime": 41, "_timestamp": 1618582459, "_step": 9, "best_val_loss": 0.0007011133711785078, "best_epoch": 1, "mape": 136.7343408567852, "rmse": 0.34393438232586104, "mae": 0.2245701473323264}