{"graph": {"_type": "graph-file", "path": "media/graph/graph_summary_b26b436d.graph.json", "sha256": "b26b436de998f5af35c19950a76813af1cdcac44a68e8b7756747ef817a088e1", "size": 427}, "epoch": 39, "loss": 0.004164839629083872, "mse": 0.004164839629083872, "val_loss": 0.0036596565041691065, "val_mse": 0.00365965673699975, "_runtime": 179, "_timestamp": 1619523784, "_step": 42, "best_val_loss": 0.0036596565041691065, "best_epoch": 39, "mape": 80.00262950228314, "rmse": 0.32164126193034226, "mae": 0.21203426626413688}