{"graph": {"_type": "graph-file", "path": "media/graph/graph_summary_b26b436d.graph.json", "sha256": "b26b436de998f5af35c19950a76813af1cdcac44a68e8b7756747ef817a088e1", "size": 427}, "epoch": 8, "loss": 0.00605968851596117, "mse": 0.00605968851596117, "val_loss": 0.004016592167317867, "val_mse": 0.004016592167317867, "_runtime": 33, "_timestamp": 1619518875, "_step": 11, "best_val_loss": 0.004006743431091309, "best_epoch": 3, "mape": 80.37465582069177, "rmse": 0.3114175924555341, "mae": 0.20394670394104425}