{"graph": {"_type": "graph-file", "path": "media/graph/graph_summary_b26b436d.graph.json", "sha256": "b26b436de998f5af35c19950a76813af1cdcac44a68e8b7756747ef817a088e1", "size": 427}, "epoch": 39, "loss": 0.0023482798133045435, "mse": 0.0023482798133045435, "val_loss": 0.003224163083359599, "val_mse": 0.003224163083359599, "_runtime": 288, "_timestamp": 1619534916, "_step": 42, "best_val_loss": 0.003224163083359599, "best_epoch": 39, "mape": 30.42647361851812, "rmse": 0.5668303495090897, "mae": 0.3624504039681176}