{"graph": {"_type": "graph-file", "path": "media/graph/graph_summary_fa9655b5.graph.json", "sha256": "fa9655b54be85e8957eefd4b9ce51c3ca45f2c4f988a03b7623ba22da68c809f", "size": 427}, "epoch": 19, "loss": 0.0059090666472911835, "mse": 0.0059090666472911835, "val_loss": 0.010489430278539658, "val_mse": 0.010489430278539658, "_runtime": 19, "_timestamp": 1618919740, "_step": 22, "best_val_loss": 0.010249944403767586, "best_epoch": 14, "mape": 135.9270160658198, "rmse": 0.325653997230673, "mae": 0.2089867886988006}