{"graph": {"_type": "graph-file", "path": "media/graph/graph_summary_b26b436d.graph.json", "sha256": "b26b436de998f5af35c19950a76813af1cdcac44a68e8b7756747ef817a088e1", "size": 427}, "epoch": 8, "loss": 0.007119335234165192, "mse": 0.007119335234165192, "val_loss": 0.0033453693613409996, "val_mse": 0.0033453693613409996, "_runtime": 39, "_timestamp": 1618765807, "_step": 11, "best_val_loss": 0.003332630731165409, "best_epoch": 3, "mape": 150.46925797496596, "rmse": 0.3828735551751132, "mae": 0.2530633049058995}