{"graph": {"_type": "graph-file", "path": "media/graph/graph_summary_fa9655b5.graph.json", "sha256": "fa9655b54be85e8957eefd4b9ce51c3ca45f2c4f988a03b7623ba22da68c809f", "size": 427}, "epoch": 30, "loss": 0.004673694726079702, "mse": 0.004673694726079702, "val_loss": 0.0052757966332137585, "val_mse": 0.0052757966332137585, "_runtime": 42, "_timestamp": 1619599724, "_step": 33, "best_val_loss": 0.005224243737757206, "best_epoch": 25, "mape": 60.36828012876035, "rmse": 0.5714222312674774, "mae": 0.3620254622972384}