{"graph": {"_type": "graph-file", "path": "media/graph/graph_summary_fa9655b5.graph.json", "sha256": "fa9655b54be85e8957eefd4b9ce51c3ca45f2c4f988a03b7623ba22da68c809f", "size": 427}, "epoch": 39, "loss": 0.0011489023454487324, "mse": 0.0011489023454487324, "val_loss": 0.000606608169618994, "val_mse": 0.000606608169618994, "_runtime": 63, "_timestamp": 1619531340, "_step": 42, "best_val_loss": 0.0006064850022085011, "best_epoch": 38, "mape": 82.4854729959102, "rmse": 0.3171197633420706, "mae": 0.20846720438828445}