{"graph": {"_type": "graph-file", "path": "media/graph/graph_summary_b26b436d.graph.json", "sha256": "b26b436de998f5af35c19950a76813af1cdcac44a68e8b7756747ef817a088e1", "size": 427}, "epoch": 5, "loss": 0.009468352422118187, "mse": 0.009468351490795612, "val_loss": 0.022965677082538605, "val_mse": 0.022965677082538605, "_runtime": 18, "_timestamp": 1619176055, "_step": 8, "best_val_loss": 0.021874913945794106, "best_epoch": 0, "mape": 63.130460329384825, "rmse": 0.7079509667003994, "mae": 0.450704354801008}