{"graph": {"_type": "graph-file", "path": "media/graph/graph_summary_b26b436d.graph.json", "sha256": "b26b436de998f5af35c19950a76813af1cdcac44a68e8b7756747ef817a088e1", "size": 427}, "epoch": 7, "loss": 0.012197047472000122, "mse": 0.012197047472000122, "val_loss": 0.014747986570000648, "val_mse": 0.014747986570000648, "_runtime": 37, "_timestamp": 1619520288, "_step": 10, "best_val_loss": 0.01459531206637621, "best_epoch": 2, "mape": 75.63087305879255, "rmse": 0.29177235776071603, "mae": 0.19272097490253529}