{"graph": {"_type": "graph-file", "path": "media/graph/graph_summary_b26b436d.graph.json", "sha256": "b26b436de998f5af35c19950a76813af1cdcac44a68e8b7756747ef817a088e1", "size": 427}, "epoch": 23, "loss": 0.00435362383723259, "mse": 0.00435362383723259, "val_loss": 0.00280184973962605, "val_mse": 0.00280184973962605, "_runtime": 112, "_timestamp": 1618565537, "_step": 23, "best_val_loss": 0.00280184973962605, "best_epoch": 23}