{"graph": {"_type": "graph-file", "path": "media/graph/graph_summary_b26b436d.graph.json", "sha256": "b26b436de998f5af35c19950a76813af1cdcac44a68e8b7756747ef817a088e1", "size": 427}, "epoch": 39, "loss": 0.008273043669760227, "mse": 0.008273043669760227, "val_loss": 0.006003653164952993, "val_mse": 0.006003653164952993, "_runtime": 145, "_timestamp": 1618581366, "_step": 42, "best_val_loss": 0.006003653164952993, "best_epoch": 39, "mape": 126.44644537949814, "rmse": 0.35341178616916863, "mae": 0.22810742770685835}