{"graph": {"_type": "graph-file", "path": "media/graph/graph_summary_fa9655b5.graph.json", "sha256": "fa9655b54be85e8957eefd4b9ce51c3ca45f2c4f988a03b7623ba22da68c809f", "size": 427}, "epoch": 15, "loss": 0.0020889719016849995, "mse": 0.0020889719016849995, "val_loss": 0.0018452643416821957, "val_mse": 0.0018452643416821957, "_runtime": 24, "_timestamp": 1618908730, "_step": 18, "best_val_loss": 0.0018435842357575893, "best_epoch": 10, "mape": 69.35239405907214, "rmse": 0.2505490988163095, "mae": 0.14928546729681194}