{"graph": {"_type": "graph-file", "path": "media/graph/graph_summary_b26b436d.graph.json", "sha256": "b26b436de998f5af35c19950a76813af1cdcac44a68e8b7756747ef817a088e1", "size": 427}, "epoch": 36, "loss": 0.0054409196600317955, "mse": 0.005440920125693083, "val_loss": 0.005214512348175049, "val_mse": 0.005214512348175049, "_runtime": 232, "_timestamp": 1619175280, "_step": 39, "best_val_loss": 0.00520137557759881, "best_epoch": 31, "mape": 47.619124142364186, "rmse": 0.6925242759560762, "mae": 0.4317020172794246}