{"graph": {"_type": "graph-file", "path": "media/graph/graph_summary_b26b436d.graph.json", "sha256": "b26b436de998f5af35c19950a76813af1cdcac44a68e8b7756747ef817a088e1", "size": 427}, "epoch": 10, "loss": 0.006361459847539663, "mse": 0.006361459847539663, "val_loss": 0.0029391793068498373, "val_mse": 0.0029391793068498373, "_runtime": 43, "_timestamp": 1618758326, "_step": 13, "best_val_loss": 0.002911530900746584, "best_epoch": 5, "mape": 95.53643315816059, "rmse": 0.2688582740606397, "mae": 0.16459171881314577}