{"graph": {"_type": "graph-file", "path": "media/graph/graph_summary_fa9655b5.graph.json", "sha256": "fa9655b54be85e8957eefd4b9ce51c3ca45f2c4f988a03b7623ba22da68c809f", "size": 427}, "epoch": 8, "loss": 0.00999421626329422, "mse": 0.00999421626329422, "val_loss": 0.008558116853237152, "val_mse": 0.008558116853237152, "_runtime": 11, "_timestamp": 1619599461, "_step": 11, "best_val_loss": 0.00819286797195673, "best_epoch": 3, "mape": 53.618935968003306, "rmse": 0.536632315086618, "mae": 0.3445252173065038}