{"graph": {"_type": "graph-file", "path": "media/graph/graph_summary_b26b436d.graph.json", "sha256": "b26b436de998f5af35c19950a76813af1cdcac44a68e8b7756747ef817a088e1", "size": 427}, "epoch": 39, "loss": 0.009702363051474094, "mse": 0.009702363051474094, "val_loss": 0.0058266655541956425, "val_mse": 0.0058266655541956425, "_runtime": 177, "_timestamp": 1619524008, "_step": 42, "best_val_loss": 0.0058266655541956425, "best_epoch": 39, "mape": 91.7438031805655, "rmse": 0.33159525914703686, "mae": 0.21986737925967662}