{"graph": {"_type": "graph-file", "path": "media/graph/graph_summary_fa9655b5.graph.json", "sha256": "fa9655b54be85e8957eefd4b9ce51c3ca45f2c4f988a03b7623ba22da68c809f", "size": 427}, "epoch": 39, "loss": 0.00705201318487525, "mse": 0.00705201318487525, "val_loss": 0.0034431598614901304, "val_mse": 0.0034431598614901304, "_runtime": 52, "_timestamp": 1618919510, "_step": 42, "best_val_loss": 0.0034431598614901304, "best_epoch": 39, "mape": 104.72286580747028, "rmse": 0.2789360137821196, "mae": 0.1723252351421238}