{"graph": {"_type": "graph-file", "path": "media/graph/graph_summary_b26b436d.graph.json", "sha256": "b26b436de998f5af35c19950a76813af1cdcac44a68e8b7756747ef817a088e1", "size": 427}, "epoch": 8, "loss": 0.00799377541989088, "mse": 0.00799377541989088, "val_loss": 0.015782268717885017, "val_mse": 0.015782266855239868, "_runtime": 46, "_timestamp": 1618583253, "_step": 11, "best_val_loss": 0.015772202983498573, "best_epoch": 3, "mape": 134.1246183696365, "rmse": 0.35041236998286895, "mae": 0.22915345245519259}