{"graph": {"_type": "graph-file", "path": "media/graph/graph_summary_fa9655b5.graph.json", "sha256": "fa9655b54be85e8957eefd4b9ce51c3ca45f2c4f988a03b7623ba22da68c809f", "size": 427}, "epoch": 39, "loss": 0.005533156450837851, "mse": 0.005533156450837851, "val_loss": 0.004780119750648737, "val_mse": 0.004780119750648737, "_runtime": 55, "_timestamp": 1618920032, "_step": 42, "best_val_loss": 0.004780119750648737, "best_epoch": 39, "mape": 143.85262990770624, "rmse": 0.3632016485115642, "mae": 0.23326848580462786}