{"graph": {"_type": "graph-file", "path": "media/graph/graph_summary_fa9655b5.graph.json", "sha256": "fa9655b54be85e8957eefd4b9ce51c3ca45f2c4f988a03b7623ba22da68c809f", "size": 427}, "epoch": 25, "loss": 0.011414216831326485, "mse": 0.011414216831326485, "val_loss": 0.0035732814576476812, "val_mse": 0.0035732814576476812, "_runtime": 33, "_timestamp": 1619531060, "_step": 28, "best_val_loss": 0.0035300806630402803, "best_epoch": 20, "mape": 79.92201538948969, "rmse": 0.29841446943378835, "mae": 0.20021999259032577}