{"graph": {"_type": "graph-file", "path": "media/graph/graph_summary_fa9655b5.graph.json", "sha256": "fa9655b54be85e8957eefd4b9ce51c3ca45f2c4f988a03b7623ba22da68c809f", "size": 427}, "epoch": 39, "loss": 0.007406239397823811, "mse": 0.007406239397823811, "val_loss": 0.0058451564982533455, "val_mse": 0.0058451564982533455, "_runtime": 47, "_timestamp": 1618920657, "_step": 42, "best_val_loss": 0.005835079122334719, "best_epoch": 38, "mape": 120.51966325246138, "rmse": 0.34649656912889143, "mae": 0.22196561467664438}