{"graph": {"_type": "graph-file", "path": "media/graph/graph_summary_b26b436d.graph.json", "sha256": "b26b436de998f5af35c19950a76813af1cdcac44a68e8b7756747ef817a088e1", "size": 427}, "epoch": 10, "loss": 0.006746384780853987, "mse": 0.006746384780853987, "val_loss": 0.00461967708542943, "val_mse": 0.00461967708542943, "_runtime": 42, "_timestamp": 1618580779, "_step": 13, "best_val_loss": 0.004576151724904776, "best_epoch": 5, "mape": 129.20901771986198, "rmse": 0.3611416269867966, "mae": 0.2322682924793446}