{"graph": {"_type": "graph-file", "path": "media/graph/graph_summary_b26b436d.graph.json", "sha256": "b26b436de998f5af35c19950a76813af1cdcac44a68e8b7756747ef817a088e1", "size": 427}, "epoch": 39, "loss": 0.006179079879075289, "mse": 0.006179079879075289, "val_loss": 0.005419871769845486, "val_mse": 0.00541987270116806, "_runtime": 151, "_timestamp": 1619521996, "_step": 42, "best_val_loss": 0.005419871769845486, "best_epoch": 39, "mape": 79.65738872696929, "rmse": 0.30205576725771827, "mae": 0.19916890610432098}