{"graph": {"_type": "graph-file", "path": "media/graph/graph_summary_fa9655b5.graph.json", "sha256": "fa9655b54be85e8957eefd4b9ce51c3ca45f2c4f988a03b7623ba22da68c809f", "size": 427}, "epoch": 39, "loss": 0.0058569773100316525, "mse": 0.0058569773100316525, "val_loss": 0.0036763008683919907, "val_mse": 0.0036763011012226343, "_runtime": 63, "_timestamp": 1618921456, "_step": 42, "best_val_loss": 0.0036700714845210314, "best_epoch": 38, "mape": 123.15994556312951, "rmse": 0.34259493995039636, "mae": 0.221602182496279}