{"graph": {"_type": "graph-file", "path": "media/graph/graph_summary_fa9655b5.graph.json", "sha256": "fa9655b54be85e8957eefd4b9ce51c3ca45f2c4f988a03b7623ba22da68c809f", "size": 427}, "epoch": 25, "loss": 0.0047986749559640884, "mse": 0.0047986749559640884, "val_loss": 0.0030079339630901814, "val_mse": 0.0030079339630901814, "_runtime": 34, "_timestamp": 1618920306, "_step": 28, "best_val_loss": 0.0030022107530385256, "best_epoch": 20, "mape": 125.63646745732798, "rmse": 0.3673200266673816, "mae": 0.23248630200657203}