{"graph": {"_type": "graph-file", "path": "media/graph/graph_summary_fa9655b5.graph.json", "sha256": "fa9655b54be85e8957eefd4b9ce51c3ca45f2c4f988a03b7623ba22da68c809f", "size": 427}, "epoch": 3, "loss": 0.003185690613463521, "mse": 0.003185690613463521, "val_loss": 0.004103550687432289, "val_mse": 0.004103550221771002, "_runtime": 17, "_timestamp": 1618917565, "_step": 3, "best_val_loss": 0.004103550687432289, "best_epoch": 3}