{"graph": {"_type": "graph-file", "path": "media/graph/graph_summary_fa9655b5.graph.json", "sha256": "fa9655b54be85e8957eefd4b9ce51c3ca45f2c4f988a03b7623ba22da68c809f", "size": 427}, "epoch": 39, "loss": 0.01790454424917698, "mse": 0.01790454424917698, "val_loss": 0.019670823588967323, "val_mse": 0.019670823588967323, "_runtime": 53, "_timestamp": 1618920939, "_step": 42, "best_val_loss": 0.01963110640645027, "best_epoch": 38, "mape": 130.70581019262087, "rmse": 0.3374934163096939, "mae": 0.21744263258452073}