{"graph": {"_type": "graph-file", "path": "media/graph/graph_summary_b26b436d.graph.json", "sha256": "b26b436de998f5af35c19950a76813af1cdcac44a68e8b7756747ef817a088e1", "size": 427}, "epoch": 14, "loss": 0.009639529511332512, "mse": 0.009639529511332512, "val_loss": 0.0054441480897367, "val_mse": 0.0054441480897367, "_runtime": 46, "_timestamp": 1619518174, "_step": 17, "best_val_loss": 0.005440691951662302, "best_epoch": 9, "mape": 80.87363348751026, "rmse": 0.317126441448401, "mae": 0.21258533538198127}