{"graph": {"_type": "graph-file", "path": "media/graph/graph_summary_b26b436d.graph.json", "sha256": "b26b436de998f5af35c19950a76813af1cdcac44a68e8b7756747ef817a088e1", "size": 427}, "epoch": 39, "loss": 0.004739910829812288, "mse": 0.004739910829812288, "val_loss": 0.0075887772254645824, "val_mse": 0.0075887772254645824, "_runtime": 145, "_timestamp": 1618586707, "_step": 42, "best_val_loss": 0.0075887772254645824, "best_epoch": 39, "mape": 148.4307579372496, "rmse": 0.38957339466098706, "mae": 0.25616480354902244}