{"graph": {"_type": "graph-file", "path": "media/graph/graph_summary_fa9655b5.graph.json", "sha256": "fa9655b54be85e8957eefd4b9ce51c3ca45f2c4f988a03b7623ba22da68c809f", "size": 427}, "epoch": 20, "loss": 0.0062898932956159115, "mse": 0.0062898932956159115, "val_loss": 0.005728522315621376, "val_mse": 0.005728522315621376, "_runtime": 48, "_timestamp": 1619385498, "_step": 23, "best_val_loss": 0.005670174024999142, "best_epoch": 15, "mape": 36.868451118421135, "rmse": 0.7614921717785245, "mae": 0.47402690679445153}