{"graph": {"_type": "graph-file", "path": "media/graph/graph_summary_b26b436d.graph.json", "sha256": "b26b436de998f5af35c19950a76813af1cdcac44a68e8b7756747ef817a088e1", "size": 427}, "epoch": 39, "loss": 0.004058852791786194, "mse": 0.004058852791786194, "val_loss": 0.0026852383743971586, "val_mse": 0.0026852383743971586, "_runtime": 188, "_timestamp": 1618565819, "_step": 42, "best_val_loss": 0.0026852383743971586, "best_epoch": 39, "mape": 52.6599245914542, "rmse": 0.3355798175304497, "mae": 0.18928804189457152}