{"graph": {"_type": "graph-file", "path": "media/graph/graph_summary_fa9655b5.graph.json", "sha256": "fa9655b54be85e8957eefd4b9ce51c3ca45f2c4f988a03b7623ba22da68c809f", "size": 427}, "epoch": 39, "loss": 0.01790454424917698, "mse": 0.01790454424917698, "val_loss": 0.019670823588967323, "val_mse": 0.019670823588967323, "_runtime": 50, "_timestamp": 1619532082, "_step": 42, "best_val_loss": 0.01963110640645027, "best_epoch": 38, "mape": 73.27285540050823, "rmse": 0.28271893740883297, "mae": 0.18552185396177745}