{"graph": {"_type": "graph-file", "path": "media/graph/graph_summary_fa9655b5.graph.json", "sha256": "fa9655b54be85e8957eefd4b9ce51c3ca45f2c4f988a03b7623ba22da68c809f", "size": 427}, "epoch": 13, "loss": 0.005248068831861019, "mse": 0.005248068831861019, "val_loss": 0.0025893384590744972, "val_mse": 0.0025893384590744972, "_runtime": 16, "_timestamp": 1619533056, "_step": 16, "best_val_loss": 0.0025758203119039536, "best_epoch": 8, "mape": 76.42036675582212, "rmse": 0.31860406226437393, "mae": 0.2087283227491032}