{"graph": {"_type": "graph-file", "path": "media/graph/graph_summary_b26b436d.graph.json", "sha256": "b26b436de998f5af35c19950a76813af1cdcac44a68e8b7756747ef817a088e1", "size": 427}, "epoch": 32, "loss": 0.007176675833761692, "mse": 0.007176675833761692, "val_loss": 0.007624358404427767, "val_mse": 0.007624358404427767, "_runtime": 16608, "_timestamp": 1618534229, "_step": 35, "best_val_loss": 0.0075411186553537846, "best_epoch": 27, "mape": 130.86263411235268, "rmse": 0.3776488227328987, "mae": 0.2421994864686901}