{"graph": {"_type": "graph-file", "path": "media/graph/graph_summary_fa9655b5.graph.json", "sha256": "fa9655b54be85e8957eefd4b9ce51c3ca45f2c4f988a03b7623ba22da68c809f", "size": 427}, "epoch": 39, "loss": 0.0036962488666176796, "mse": 0.0036962488666176796, "val_loss": 0.003206219058483839, "val_mse": 0.003206219058483839, "_runtime": 58, "_timestamp": 1618922078, "_step": 42, "best_val_loss": 0.003206219058483839, "best_epoch": 39, "mape": 124.8213734385994, "rmse": 0.36742036861551464, "mae": 0.2383007968880669}