{"graph": {"_type": "graph-file", "path": "media/graph/graph_summary_b26b436d.graph.json", "sha256": "b26b436de998f5af35c19950a76813af1cdcac44a68e8b7756747ef817a088e1", "size": 427}, "epoch": 30, "loss": 0.004021764732897282, "mse": 0.004021764732897282, "val_loss": 0.0031679319217801094, "val_mse": 0.0031679319217801094, "_runtime": 86, "_timestamp": 1618758055, "_step": 33, "best_val_loss": 0.003162654582411051, "best_epoch": 25, "mape": 64.3051933659349, "rmse": 0.2786711700037075, "mae": 0.16436513078753223}