{"graph": {"_type": "graph-file", "path": "media/graph/graph_summary_fa9655b5.graph.json", "sha256": "fa9655b54be85e8957eefd4b9ce51c3ca45f2c4f988a03b7623ba22da68c809f", "size": 427}, "epoch": 13, "loss": 0.008528496138751507, "mse": 0.008528496138751507, "val_loss": 0.02059119939804077, "val_mse": 0.02059119939804077, "_runtime": 13, "_timestamp": 1619599478, "_step": 16, "best_val_loss": 0.02030321955680847, "best_epoch": 8, "mape": 59.29468451090455, "rmse": 0.5300966621766671, "mae": 0.34201123653760684}