{"graph": {"_type": "graph-file", "path": "media/graph/graph_summary_b26b436d.graph.json", "sha256": "b26b436de998f5af35c19950a76813af1cdcac44a68e8b7756747ef817a088e1", "size": 427}, "epoch": 28, "loss": 0.004063243977725506, "mse": 0.004063243977725506, "val_loss": 0.0019500476773828268, "val_mse": 0.0019500476773828268, "_runtime": 102, "_timestamp": 1618762236, "_step": 31, "best_val_loss": 0.0019490336999297142, "best_epoch": 23, "mape": 138.1837540129408, "rmse": 0.34162280214205903, "mae": 0.2221737574366218}