{"graph": {"_type": "graph-file", "path": "media/graph/graph_summary_b26b436d.graph.json", "sha256": "b26b436de998f5af35c19950a76813af1cdcac44a68e8b7756747ef817a088e1", "size": 427}, "epoch": 16, "loss": 0.008942137472331524, "mse": 0.008942138403654099, "val_loss": 0.007733903359621763, "val_mse": 0.007733903359621763, "_runtime": 114, "_timestamp": 1619536902, "_step": 19, "best_val_loss": 0.0075567034073174, "best_epoch": 11, "mape": 50.82127731532704, "rmse": 0.4802566963482146, "mae": 0.30925645164866994}