{"graph": {"_type": "graph-file", "path": "media/graph/graph_summary_fa9655b5.graph.json", "sha256": "fa9655b54be85e8957eefd4b9ce51c3ca45f2c4f988a03b7623ba22da68c809f", "size": 427}, "epoch": 32, "loss": 0.005323173478245735, "mse": 0.005323173478245735, "val_loss": 0.003897769143804908, "val_mse": 0.003897769143804908, "_runtime": 73, "_timestamp": 1619387922, "_step": 35, "best_val_loss": 0.003887958126142621, "best_epoch": 27, "mape": 57.02209804854257, "rmse": 0.7345509502740044, "mae": 0.4591562877383289}