{"graph": {"_type": "graph-file", "path": "media/graph/graph_summary_b26b436d.graph.json", "sha256": "b26b436de998f5af35c19950a76813af1cdcac44a68e8b7756747ef817a088e1", "size": 427}, "epoch": 17, "loss": 0.005256896372884512, "mse": 0.005256895907223225, "val_loss": 0.0005213848198764026, "val_mse": 0.0005213848198764026, "_runtime": 93, "_timestamp": 1619176008, "_step": 20, "best_val_loss": 0.0004803485353477299, "best_epoch": 12, "mape": 52.92701798045371, "rmse": 0.728221095150231, "mae": 0.4578374150664184}