{"graph": {"_type": "graph-file", "path": "media/graph/graph_summary_b26b436d.graph.json", "sha256": "b26b436de998f5af35c19950a76813af1cdcac44a68e8b7756747ef817a088e1", "size": 427}, "epoch": 81, "loss": 0.002154731657356024, "mse": 0.002154731657356024, "val_loss": 0.0028481038752943277, "val_mse": 0.0028481038752943277, "_runtime": 573, "_timestamp": 1619535529, "_step": 84, "best_val_loss": 0.00284009356983006, "best_epoch": 76, "mape": 29.286788414733056, "rmse": 0.5469351682422655, "mae": 0.3473202495950533}