{"graph": {"_type": "graph-file", "path": "media/graph/graph_summary_b26b436d.graph.json", "sha256": "b26b436de998f5af35c19950a76813af1cdcac44a68e8b7756747ef817a088e1", "size": 427}, "epoch": 27, "loss": 0.006116507109254599, "mse": 0.006116507109254599, "val_loss": 0.0066034612245857716, "val_mse": 0.0066034612245857716, "_runtime": 211, "_timestamp": 1619535744, "_step": 30, "best_val_loss": 0.006594536826014519, "best_epoch": 22, "mape": 39.56776790847623, "rmse": 0.42149162199468737, "mae": 0.25393930602682707}