{"graph": {"_type": "graph-file", "path": "media/graph/graph_summary_fa9655b5.graph.json", "sha256": "fa9655b54be85e8957eefd4b9ce51c3ca45f2c4f988a03b7623ba22da68c809f", "size": 427}, "epoch": 39, "loss": 0.004177733790129423, "mse": 0.004177733790129423, "val_loss": 0.0027247851248830557, "val_mse": 0.0027247851248830557, "_runtime": 68, "_timestamp": 1618919313, "_step": 42, "best_val_loss": 0.002713369205594063, "best_epoch": 37, "mape": 58.02556824440518, "rmse": 0.3402180793603716, "mae": 0.19686667592011772}