{"graph": {"_type": "graph-file", "path": "media/graph/graph_summary_b26b436d.graph.json", "sha256": "b26b436de998f5af35c19950a76813af1cdcac44a68e8b7756747ef817a088e1", "size": 427}, "epoch": 39, "loss": 0.0062227677553892136, "mse": 0.0062227677553892136, "val_loss": 0.0038962597027420998, "val_mse": 0.0038962599355727434, "_runtime": 155, "_timestamp": 1619522997, "_step": 42, "best_val_loss": 0.0038962597027420998, "best_epoch": 39, "mape": 80.1226170291915, "rmse": 0.3106590718338563, "mae": 0.20464370062538603}