{"graph": {"_type": "graph-file", "path": "media/graph/graph_summary_b26b436d.graph.json", "sha256": "b26b436de998f5af35c19950a76813af1cdcac44a68e8b7756747ef817a088e1", "size": 427}, "epoch": 5, "loss": 0.009378924034535885, "mse": 0.009378924034535885, "val_loss": 0.005839289631694555, "val_mse": 0.005839289631694555, "_runtime": 47, "_timestamp": 1618581214, "_step": 8, "best_val_loss": 0.005833225790411234, "best_epoch": 0, "mape": 121.78639500330041, "rmse": 0.3552769958578278, "mae": 0.2287677084954093}