{"graph": {"_type": "graph-file", "path": "media/graph/graph_summary_fa9655b5.graph.json", "sha256": "fa9655b54be85e8957eefd4b9ce51c3ca45f2c4f988a03b7623ba22da68c809f", "size": 427}, "epoch": 23, "loss": 0.0075927781872451305, "mse": 0.0075927781872451305, "val_loss": 0.002955907955765724, "val_mse": 0.002955907955765724, "_runtime": 23, "_timestamp": 1619533532, "_step": 26, "best_val_loss": 0.002930562011897564, "best_epoch": 18, "mape": 86.32890594255345, "rmse": 0.32057919346309827, "mae": 0.20956658588689028}