{"graph": {"_type": "graph-file", "path": "media/graph/graph_summary_fa9655b5.graph.json", "sha256": "fa9655b54be85e8957eefd4b9ce51c3ca45f2c4f988a03b7623ba22da68c809f", "size": 427}, "epoch": 7, "loss": 0.01015825942158699, "mse": 0.010158258490264416, "val_loss": 0.007172878365963697, "val_mse": 0.007172878365963697, "_runtime": 16, "_timestamp": 1618920353, "_step": 10, "best_val_loss": 0.0070571391843259335, "best_epoch": 2, "mape": 122.71821846886233, "rmse": 0.36383529041543766, "mae": 0.2304291495253887}