{"graph": {"_type": "graph-file", "path": "media/graph/graph_summary_fa9655b5.graph.json", "sha256": "fa9655b54be85e8957eefd4b9ce51c3ca45f2c4f988a03b7623ba22da68c809f", "size": 427}, "epoch": 39, "loss": 0.004050267394632101, "mse": 0.004050267394632101, "val_loss": 0.0046816240064799786, "val_mse": 0.0046816240064799786, "_runtime": 50, "_timestamp": 1619532646, "_step": 42, "best_val_loss": 0.00465556001290679, "best_epoch": 38, "mape": 77.01252809676244, "rmse": 0.2967036362713989, "mae": 0.19461333222581717}