{"graph": {"_type": "graph-file", "path": "media/graph/graph_summary_fa9655b5.graph.json", "sha256": "fa9655b54be85e8957eefd4b9ce51c3ca45f2c4f988a03b7623ba22da68c809f", "size": 427}, "epoch": 8, "loss": 0.007086259312927723, "mse": 0.007086259312927723, "val_loss": 0.0043734656646847725, "val_mse": 0.0043734656646847725, "_runtime": 14, "_timestamp": 1618921490, "_step": 11, "best_val_loss": 0.0042307572439312935, "best_epoch": 3, "mape": 122.65222137459554, "rmse": 0.3489331329065759, "mae": 0.22600664093906922}