{"graph": {"_type": "graph-file", "path": "media/graph/graph_summary_fa9655b5.graph.json", "sha256": "fa9655b54be85e8957eefd4b9ce51c3ca45f2c4f988a03b7623ba22da68c809f", "size": 427}, "epoch": 32, "loss": 0.005228590220212936, "mse": 0.005228590220212936, "val_loss": 0.0038590827025473118, "val_mse": 0.0038590827025473118, "_runtime": 73, "_timestamp": 1619599610, "_step": 35, "best_val_loss": 0.0038436404429376125, "best_epoch": 27, "mape": 57.32587418736915, "rmse": 0.5950078762532423, "mae": 0.3795988306390658}