{"graph": {"_type": "graph-file", "path": "media/graph/graph_summary_fa9655b5.graph.json", "sha256": "fa9655b54be85e8957eefd4b9ce51c3ca45f2c4f988a03b7623ba22da68c809f", "size": 427}, "epoch": 42, "loss": 0.003505140310153365, "mse": 0.003505140310153365, "val_loss": 0.002222230890765786, "val_mse": 0.002222230890765786, "_runtime": 93, "_timestamp": 1619599320, "_step": 45, "best_val_loss": 0.002217670902609825, "best_epoch": 37, "mape": 50.57300138876104, "rmse": 0.44856944529394666, "mae": 0.28997446897639506}