{"graph": {"_type": "graph-file", "path": "media/graph/graph_summary_fa9655b5.graph.json", "sha256": "fa9655b54be85e8957eefd4b9ce51c3ca45f2c4f988a03b7623ba22da68c809f", "size": 427}, "epoch": 9, "loss": 0.002847474766895175, "mse": 0.002847474766895175, "val_loss": 0.0013227327726781368, "val_mse": 0.0013227328890934587, "_runtime": 17, "_timestamp": 1619531427, "_step": 12, "best_val_loss": 0.0013122321106493473, "best_epoch": 4, "mape": 79.29588134963485, "rmse": 0.3070256806889058, "mae": 0.20170063502299393}