{"graph": {"_type": "graph-file", "path": "media/graph/graph_summary_b26b436d.graph.json", "sha256": "b26b436de998f5af35c19950a76813af1cdcac44a68e8b7756747ef817a088e1", "size": 427}, "epoch": 39, "loss": 0.005827995482832193, "mse": 0.005827995482832193, "val_loss": 0.003402933245524764, "val_mse": 0.003402933245524764, "_runtime": 141, "_timestamp": 1618765765, "_step": 42, "best_val_loss": 0.0034016906283795834, "best_epoch": 38, "mape": 151.3127384599792, "rmse": 0.38455127338419715, "mae": 0.2547507699150109}