{"graph": {"_type": "graph-file", "path": "media/graph/graph_summary_b26b436d.graph.json", "sha256": "b26b436de998f5af35c19950a76813af1cdcac44a68e8b7756747ef817a088e1", "size": 427}, "epoch": 6, "loss": 0.005674157757312059, "mse": 0.005674157757312059, "val_loss": 0.04943437874317169, "val_mse": 0.04943437874317169, "_runtime": 22, "_timestamp": 1619176903, "_step": 9, "best_val_loss": 0.04672200232744217, "best_epoch": 1, "mape": 66.03988985465756, "rmse": 0.7032023282536193, "mae": 0.44308366026901347}