{"graph": {"_type": "graph-file", "path": "media/graph/graph_summary_b26b436d.graph.json", "sha256": "b26b436de998f5af35c19950a76813af1cdcac44a68e8b7756747ef817a088e1", "size": 427}, "epoch": 8, "loss": 0.005588832776993513, "mse": 0.005588832776993513, "val_loss": 0.006923348642885685, "val_mse": 0.006923348642885685, "_runtime": 52, "_timestamp": 1619523528, "_step": 11, "best_val_loss": 0.006878082174807787, "best_epoch": 3, "mape": 80.35354162161764, "rmse": 0.32744171009563405, "mae": 0.21592858076080923}