{"graph": {"_type": "graph-file", "path": "media/graph/graph_summary_fa9655b5.graph.json", "sha256": "fa9655b54be85e8957eefd4b9ce51c3ca45f2c4f988a03b7623ba22da68c809f", "size": 427}, "epoch": 13, "loss": 0.005496439058333635, "mse": 0.005496439058333635, "val_loss": 0.0032123809214681387, "val_mse": 0.0032123809214681387, "_runtime": 34, "_timestamp": 1619130677, "_step": 16, "best_val_loss": 0.003142792033031583, "best_epoch": 8, "mape": 44.55944962231278, "rmse": 0.6925838143966999, "mae": 0.42828371642028806}