{"graph": {"_type": "graph-file", "path": "media/graph/graph_summary_fa9655b5.graph.json", "sha256": "fa9655b54be85e8957eefd4b9ce51c3ca45f2c4f988a03b7623ba22da68c809f", "size": 427}, "epoch": 24, "loss": 0.008753745816648006, "mse": 0.008753745816648006, "val_loss": 0.018002226948738098, "val_mse": 0.018002226948738098, "_runtime": 27, "_timestamp": 1618921768, "_step": 27, "best_val_loss": 0.01718110777437687, "best_epoch": 19, "mape": 126.76634769836316, "rmse": 0.3455776398043079, "mae": 0.22340973495996833}