{"graph": {"_type": "graph-file", "path": "media/graph/graph_summary_b26b436d.graph.json", "sha256": "b26b436de998f5af35c19950a76813af1cdcac44a68e8b7756747ef817a088e1", "size": 427}, "epoch": 11, "loss": 0.007342848926782608, "mse": 0.007342848926782608, "val_loss": 0.003862339071929455, "val_mse": 0.003862339071929455, "_runtime": 48, "_timestamp": 1619520342, "_step": 14, "best_val_loss": 0.0038360056933015585, "best_epoch": 6, "mape": 75.12694555279077, "rmse": 0.2917124038849951, "mae": 0.19252106891071152}