{"graph": {"_type": "graph-file", "path": "media/graph/graph_summary_b26b436d.graph.json", "sha256": "b26b436de998f5af35c19950a76813af1cdcac44a68e8b7756747ef817a088e1", "size": 427}, "epoch": 13, "loss": 0.006183227989822626, "mse": 0.006183227989822626, "val_loss": 0.006411463487893343, "val_mse": 0.006411463487893343, "_runtime": 24, "_timestamp": 1619538352, "_step": 16, "best_val_loss": 0.006294687278568745, "best_epoch": 8, "mape": 60.53693166810889, "rmse": 0.593123172593692, "mae": 0.3799378948686827}