{"graph": {"_type": "graph-file", "path": "media/graph/graph_summary_b26b436d.graph.json", "sha256": "b26b436de998f5af35c19950a76813af1cdcac44a68e8b7756747ef817a088e1", "size": 427}, "epoch": 53, "loss": 0.012194906361401081, "mse": 0.012194906361401081, "val_loss": 0.019317202270030975, "val_mse": 0.019317202270030975, "_runtime": 1423, "_timestamp": 1619450284, "_step": 56, "best_val_loss": 0.019182071089744568, "best_epoch": 43, "mape": 81.62261739823687, "rmse": 16.0232264867642, "mae": 10.93056583134659}