{"graph": {"_type": "graph-file", "path": "media/graph/graph_summary_fa9655b5.graph.json", "sha256": "fa9655b54be85e8957eefd4b9ce51c3ca45f2c4f988a03b7623ba22da68c809f", "size": 427}, "epoch": 21, "loss": 0.007343421224504709, "mse": 0.007343421224504709, "val_loss": 0.0035468623973429203, "val_mse": 0.0035468623973429203, "_runtime": 28, "_timestamp": 1618908762, "_step": 21, "best_val_loss": 0.0035468623973429203, "best_epoch": 21}