{"graph": {"_type": "graph-file", "path": "media/graph/graph_summary_fa9655b5.graph.json", "sha256": "fa9655b54be85e8957eefd4b9ce51c3ca45f2c4f988a03b7623ba22da68c809f", "size": 427}, "epoch": 24, "loss": 0.009963846765458584, "mse": 0.00996384583413601, "val_loss": 0.006840896792709827, "val_mse": 0.006840896792709827, "_runtime": 38, "_timestamp": 1618921220, "_step": 27, "best_val_loss": 0.006756872870028019, "best_epoch": 19, "mape": 123.96192753917232, "rmse": 0.3399649542880861, "mae": 0.22079314849808426}