{"graph": {"_type": "graph-file", "path": "media/graph/graph_summary_fa9655b5.graph.json", "sha256": "fa9655b54be85e8957eefd4b9ce51c3ca45f2c4f988a03b7623ba22da68c809f", "size": 427}, "epoch": 21, "loss": 0.007041809614747763, "mse": 0.007041809614747763, "val_loss": 0.006114221643656492, "val_mse": 0.006114221643656492, "_runtime": 54, "_timestamp": 1619131045, "_step": 24, "best_val_loss": 0.006066616624593735, "best_epoch": 16, "mape": 45.747145772408324, "rmse": 0.6274654233048017, "mae": 0.3881479684810589}