{"graph": {"_type": "graph-file", "path": "media/graph/graph_summary_b26b436d.graph.json", "sha256": "b26b436de998f5af35c19950a76813af1cdcac44a68e8b7756747ef817a088e1", "size": 427}, "epoch": 17, "loss": 0.006488376762717962, "mse": 0.006488376762717962, "val_loss": 0.009731439873576164, "val_mse": 0.009731439873576164, "_runtime": 3644, "_timestamp": 1619512661, "_step": 20, "best_val_loss": 0.009576231241226196, "best_epoch": 7, "mape": 67.94312564949938, "rmse": 0.6020369270847079, "mae": 0.389388541708164}