{"graph": {"_type": "graph-file", "path": "media/graph/graph_summary_fa9655b5.graph.json", "sha256": "fa9655b54be85e8957eefd4b9ce51c3ca45f2c4f988a03b7623ba22da68c809f", "size": 427}, "epoch": 38, "loss": 0.007038266863673925, "mse": 0.007038266863673925, "val_loss": 0.00782517809420824, "val_mse": 0.00782517809420824, "_runtime": 5994, "_timestamp": 1619088510, "_step": 41, "best_val_loss": 0.007716499734669924, "best_epoch": 28, "mape": 119.74563089433302, "rmse": 0.3699871700218082, "mae": 0.23280855785421556}