{"graph": {"_type": "graph-file", "path": "media/graph/graph_summary_b26b436d.graph.json", "sha256": "b26b436de998f5af35c19950a76813af1cdcac44a68e8b7756747ef817a088e1", "size": 427}, "epoch": 39, "loss": 0.009790844283998013, "mse": 0.009790843352675438, "val_loss": 0.006792588625103235, "val_mse": 0.006792588625103235, "_runtime": 155, "_timestamp": 1619524582, "_step": 42, "best_val_loss": 0.006792588625103235, "best_epoch": 39, "mape": 90.47242157119473, "rmse": 0.33030100780640764, "mae": 0.21820209006405758}