{"graph": {"_type": "graph-file", "path": "media/graph/graph_summary_b26b436d.graph.json", "sha256": "b26b436de998f5af35c19950a76813af1cdcac44a68e8b7756747ef817a088e1", "size": 427}, "epoch": 5, "loss": 0.010242573916912079, "mse": 0.010242573916912079, "val_loss": 0.0042159478180110455, "val_mse": 0.0042159478180110455, "_runtime": 32, "_timestamp": 1618579740, "_step": 8, "best_val_loss": 0.004039576277136803, "best_epoch": 0, "mape": 146.8427159059746, "rmse": 0.3971679816389548, "mae": 0.2548988407261002}