{"graph": {"_type": "graph-file", "path": "media/graph/graph_summary_b26b436d.graph.json", "sha256": "b26b436de998f5af35c19950a76813af1cdcac44a68e8b7756747ef817a088e1", "size": 427}, "epoch": 32, "loss": 0.007299571763724089, "mse": 0.007299571763724089, "val_loss": 0.005894099827855825, "val_mse": 0.005894099827855825, "_runtime": 181, "_timestamp": 1619176391, "_step": 35, "best_val_loss": 0.0058869910426437855, "best_epoch": 27, "mape": 59.27098740355454, "rmse": 0.7474773602969533, "mae": 0.47342407285915156}