{"graph": {"_type": "graph-file", "path": "media/graph/graph_summary_fa9655b5.graph.json", "sha256": "fa9655b54be85e8957eefd4b9ce51c3ca45f2c4f988a03b7623ba22da68c809f", "size": 427}, "epoch": 14, "loss": 0.0057432688772678375, "mse": 0.0057432688772678375, "val_loss": 0.0030313925817608833, "val_mse": 0.0030313925817608833, "_runtime": 23, "_timestamp": 1618920761, "_step": 17, "best_val_loss": 0.0029680561274290085, "best_epoch": 9, "mape": 122.74611240109417, "rmse": 0.35271862783957436, "mae": 0.22678601011626126}