{"graph": {"_type": "graph-file", "path": "media/graph/graph_summary_b26b436d.graph.json", "sha256": "b26b436de998f5af35c19950a76813af1cdcac44a68e8b7756747ef817a088e1", "size": 427}, "epoch": 23, "loss": 0.006513629574328661, "mse": 0.006513629574328661, "val_loss": 0.004651651717722416, "val_mse": 0.004651651717722416, "_runtime": 158, "_timestamp": 1619389331, "_step": 26, "best_val_loss": 0.004608491901308298, "best_epoch": 18, "mape": 47.67356748017586, "rmse": 0.8069498426971654, "mae": 0.5158183483582564}