{"graph": {"_type": "graph-file", "path": "media/graph/graph_summary_fa9655b5.graph.json", "sha256": "fa9655b54be85e8957eefd4b9ce51c3ca45f2c4f988a03b7623ba22da68c809f", "size": 427}, "epoch": 9, "loss": 0.010314184240996838, "mse": 0.010314184240996838, "val_loss": 0.0085799191147089, "val_mse": 0.0085799191147089, "_runtime": 13, "_timestamp": 1619532361, "_step": 12, "best_val_loss": 0.008317777886986732, "best_epoch": 4, "mape": 71.33516319599335, "rmse": 0.2981421535546129, "mae": 0.19622518828110633}