{"graph": {"_type": "graph-file", "path": "media/graph/graph_summary_fa9655b5.graph.json", "sha256": "fa9655b54be85e8957eefd4b9ce51c3ca45f2c4f988a03b7623ba22da68c809f", "size": 427}, "epoch": 16, "loss": 0.006073985248804092, "mse": 0.006073985248804092, "val_loss": 0.006582612171769142, "val_mse": 0.006582612171769142, "_runtime": 48, "_timestamp": 1619598665, "_step": 19, "best_val_loss": 0.006582015193998814, "best_epoch": 11, "mape": 40.07917066465277, "rmse": 0.4162226847033651, "mae": 0.2510958203664908}