{"graph": {"_type": "graph-file", "path": "media/graph/graph_summary_b26b436d.graph.json", "sha256": "b26b436de998f5af35c19950a76813af1cdcac44a68e8b7756747ef817a088e1", "size": 427}, "epoch": 15, "loss": 0.006649150978773832, "mse": 0.006649150978773832, "val_loss": 0.005917022004723549, "val_mse": 0.005917021539062262, "_runtime": 110, "_timestamp": 1619389169, "_step": 18, "best_val_loss": 0.0058317407965660095, "best_epoch": 10, "mape": 38.70529153346828, "rmse": 0.7923223770760951, "mae": 0.5080450535677896}