{"graph": {"_type": "graph-file", "path": "media/graph/graph_summary_b26b436d.graph.json", "sha256": "b26b436de998f5af35c19950a76813af1cdcac44a68e8b7756747ef817a088e1", "size": 427}, "epoch": 19, "loss": 0.015197028405964375, "mse": 0.015197028405964375, "val_loss": 0.020663922652602196, "val_mse": 0.020663922652602196, "_runtime": 603, "_timestamp": 1618410416, "_step": 22, "best_val_loss": 0.020528612658381462, "best_epoch": 18, "mape": 104.30753476557243, "rmse": 15.636336451613733, "mae": 11.24673366101688}