{"graph": {"_type": "graph-file", "path": "media/graph/graph_summary_fa9655b5.graph.json", "sha256": "fa9655b54be85e8957eefd4b9ce51c3ca45f2c4f988a03b7623ba22da68c809f", "size": 427}, "epoch": 39, "loss": 0.0052060713060200214, "mse": 0.0052060713060200214, "val_loss": 0.003270677989348769, "val_mse": 0.003270677989348769, "_runtime": 52, "_timestamp": 1618921137, "_step": 42, "best_val_loss": 0.0032675019465386868, "best_epoch": 37, "mape": 123.75270014296656, "rmse": 0.3375738402848736, "mae": 0.2186562569839648}