{"graph": {"_type": "graph-file", "path": "media/graph/graph_summary_fa9655b5.graph.json", "sha256": "fa9655b54be85e8957eefd4b9ce51c3ca45f2c4f988a03b7623ba22da68c809f", "size": 427}, "epoch": 20, "loss": 0.007146796211600304, "mse": 0.007146796211600304, "val_loss": 0.005691799800843, "val_mse": 0.005691799800843, "_runtime": 47, "_timestamp": 1619131333, "_step": 23, "best_val_loss": 0.005687708035111427, "best_epoch": 15, "mape": 55.19769369083237, "rmse": 0.7238877619429659, "mae": 0.45231856358543315}