{"graph": {"_type": "graph-file", "path": "media/graph/graph_summary_b26b436d.graph.json", "sha256": "b26b436de998f5af35c19950a76813af1cdcac44a68e8b7756747ef817a088e1", "size": 427}, "epoch": 39, "loss": 0.010164061561226845, "mse": 0.010164061561226845, "val_loss": 0.010441598482429981, "val_mse": 0.010441598482429981, "_runtime": 158, "_timestamp": 1618761467, "_step": 42, "best_val_loss": 0.010441598482429981, "best_epoch": 39, "mape": 128.9266202305186, "rmse": 0.36215698831256704, "mae": 0.23415917901553027}