{"graph": {"_type": "graph-file", "path": "media/graph/graph_summary_b26b436d.graph.json", "sha256": "b26b436de998f5af35c19950a76813af1cdcac44a68e8b7756747ef817a088e1", "size": 427}, "epoch": 39, "loss": 0.00341046298854053, "mse": 0.00341046298854053, "val_loss": 0.00194531527813524, "val_mse": 0.001945315394550562, "_runtime": 232, "_timestamp": 1619175045, "_step": 42, "best_val_loss": 0.001940559595823288, "best_epoch": 35, "mape": 47.1554609796602, "rmse": 0.7097995350587023, "mae": 0.44499497609319466}