{"graph": {"_type": "graph-file", "path": "media/graph/graph_summary_fa9655b5.graph.json", "sha256": "fa9655b54be85e8957eefd4b9ce51c3ca45f2c4f988a03b7623ba22da68c809f", "size": 427}, "epoch": 19, "loss": 0.008003612980246544, "mse": 0.00800361204892397, "val_loss": 0.009468011558055878, "val_mse": 0.009468011558055878, "_runtime": 41, "_timestamp": 1619599769, "_step": 22, "best_val_loss": 0.00939963385462761, "best_epoch": 14, "mape": 62.06640462159168, "rmse": 0.5734969027678718, "mae": 0.3649285158804396}