{"graph": {"_type": "graph-file", "path": "media/graph/graph_summary_fa9655b5.graph.json", "sha256": "fa9655b54be85e8957eefd4b9ce51c3ca45f2c4f988a03b7623ba22da68c809f", "size": 427}, "epoch": 33, "loss": 0.008924109861254692, "mse": 0.008924109861254692, "val_loss": 0.009722535498440266, "val_mse": 0.009722535498440266, "_runtime": 29, "_timestamp": 1619533006, "_step": 36, "best_val_loss": 0.009698176756501198, "best_epoch": 28, "mape": 76.51441821664433, "rmse": 0.30475186132121684, "mae": 0.1990596466519844}