{"graph": {"_type": "graph-file", "path": "media/graph/graph_summary_fa9655b5.graph.json", "sha256": "fa9655b54be85e8957eefd4b9ce51c3ca45f2c4f988a03b7623ba22da68c809f", "size": 427}, "epoch": 11, "loss": 0.0066237314604222775, "mse": 0.0066237314604222775, "val_loss": 0.005106531549245119, "val_mse": 0.005106531549245119, "_runtime": 31, "_timestamp": 1619388110, "_step": 14, "best_val_loss": 0.005077456124126911, "best_epoch": 6, "mape": 60.8512334226051, "rmse": 0.6862856160522242, "mae": 0.4250724930401854}