{"graph": {"_type": "graph-file", "path": "media/graph/graph_summary_b26b436d.graph.json", "sha256": "b26b436de998f5af35c19950a76813af1cdcac44a68e8b7756747ef817a088e1", "size": 427}, "epoch": 13, "loss": 0.010231966152787209, "mse": 0.010231965221464634, "val_loss": 0.010025938041508198, "val_mse": 0.010025938041508198, "_runtime": 42, "_timestamp": 1619523042, "_step": 16, "best_val_loss": 0.009979651309549809, "best_epoch": 8, "mape": 79.96897237052636, "rmse": 0.3118944674945966, "mae": 0.20548966554857184}