{"graph": {"_type": "graph-file", "path": "media/graph/graph_summary_fa9655b5.graph.json", "sha256": "fa9655b54be85e8957eefd4b9ce51c3ca45f2c4f988a03b7623ba22da68c809f", "size": 427}, "epoch": 70, "loss": 0.010050135664641857, "mse": 0.010050136595964432, "val_loss": 0.014040556736290455, "val_mse": 0.014040556736290455, "_runtime": 641, "_timestamp": 1619458959, "_step": 73, "best_val_loss": 0.013756097294390202, "best_epoch": 60, "mape": 23.525959490521288, "rmse": 10.78819376222489, "mae": 6.915383908013702}