{"graph": {"_type": "graph-file", "path": "media/graph/graph_summary_fa9655b5.graph.json", "sha256": "fa9655b54be85e8957eefd4b9ce51c3ca45f2c4f988a03b7623ba22da68c809f", "size": 427}, "epoch": 39, "loss": 0.005754376295953989, "mse": 0.005754376295953989, "val_loss": 0.00618719169870019, "val_mse": 0.00618719169870019, "_runtime": 21, "_timestamp": 1619387993, "_step": 42, "best_val_loss": 0.00618719169870019, "best_epoch": 39, "mape": 56.74577821478405, "rmse": 0.7016442117377599, "mae": 0.4373626914369809}