{"graph": {"_type": "graph-file", "path": "media/graph/graph_summary_b26b436d.graph.json", "sha256": "b26b436de998f5af35c19950a76813af1cdcac44a68e8b7756747ef817a088e1", "size": 427}, "epoch": 9, "loss": 0.01005614548921585, "mse": 0.01005614548921585, "val_loss": 0.010397957637906075, "val_mse": 0.010397957637906075, "_runtime": 73, "_timestamp": 1619538071, "_step": 12, "best_val_loss": 0.010383730754256248, "best_epoch": 4, "mape": 62.86596328360338, "rmse": 0.6200786645264282, "mae": 0.3971736296554028}