{"graph": {"_type": "graph-file", "path": "media/graph/graph_summary_b26b436d.graph.json", "sha256": "b26b436de998f5af35c19950a76813af1cdcac44a68e8b7756747ef817a088e1", "size": 427}, "epoch": 20, "loss": 0.005698468070477247, "mse": 0.005698468070477247, "val_loss": 0.0024358041118830442, "val_mse": 0.0024358041118830442, "_runtime": 63, "_timestamp": 1619523186, "_step": 23, "best_val_loss": 0.0024333049077540636, "best_epoch": 15, "mape": 79.89761361000254, "rmse": 0.32576948851238485, "mae": 0.2153687180020592}