{"graph": {"_type": "graph-file", "path": "media/graph/graph_summary_b26b436d.graph.json", "sha256": "b26b436de998f5af35c19950a76813af1cdcac44a68e8b7756747ef817a088e1", "size": 427}, "epoch": 39, "loss": 0.00785574596375227, "mse": 0.007855745032429695, "val_loss": 0.004885563626885414, "val_mse": 0.004885563626885414, "_runtime": 125, "_timestamp": 1618578810, "_step": 42, "best_val_loss": 0.004884458612650633, "best_epoch": 37, "mape": 139.82890754989316, "rmse": 0.32023516955494713, "mae": 0.20370638755305084}