{"graph": {"_type": "graph-file", "path": "media/graph/graph_summary_b26b436d.graph.json", "sha256": "b26b436de998f5af35c19950a76813af1cdcac44a68e8b7756747ef817a088e1", "size": 427}, "epoch": 12, "loss": 0.006903634872287512, "mse": 0.006903634872287512, "val_loss": 0.00503632053732872, "val_mse": 0.00503632053732872, "_runtime": 90, "_timestamp": 1619176790, "_step": 15, "best_val_loss": 0.005029209423810244, "best_epoch": 7, "mape": 65.20322158749953, "rmse": 0.7071708311367848, "mae": 0.4438037817238942}