{"graph": {"_type": "graph-file", "path": "media/graph/graph_summary_fa9655b5.graph.json", "sha256": "fa9655b54be85e8957eefd4b9ce51c3ca45f2c4f988a03b7623ba22da68c809f", "size": 427}, "epoch": 37, "loss": 0.006159850396215916, "mse": 0.006159850396215916, "val_loss": 0.0028541020583361387, "val_mse": 0.0028541020583361387, "_runtime": 33, "_timestamp": 1619533486, "_step": 40, "best_val_loss": 0.0028429911471903324, "best_epoch": 32, "mape": 86.44317226215276, "rmse": 0.3170930039329566, "mae": 0.20718282360778761}