{"graph": {"_type": "graph-file", "path": "media/graph/graph_summary_b26b436d.graph.json", "sha256": "b26b436de998f5af35c19950a76813af1cdcac44a68e8b7756747ef817a088e1", "size": 427}, "epoch": 10, "loss": 0.006638248451054096, "mse": 0.006638248451054096, "val_loss": 0.012092260643839836, "val_mse": 0.012092260643839836, "_runtime": 29, "_timestamp": 1619517736, "_step": 13, "best_val_loss": 0.011447944678366184, "best_epoch": 5, "mape": 79.1513997890302, "rmse": 0.26908819413436014, "mae": 0.17790440902675}