,mae,mape,rmse,B
0,14.294405210070215,111.77852028184101,22.366263314428377,GEP1
1,6.08461061038093,22.3618745658155,9.448976028109472,GEP4
2,,,,
3,,,,
4,,,,
5,,,,
6,,,,
7,,,,
8,,,,
9,,,,
10,,,,
11,,,,
12,,,,
13,,,,
14,,,,
15,,,,
16,,,,
17,,,,
18,,,,
19,,,,
20,,,,
21,,,,
22,,,,
23,,,,
24,,,,
25,,,,
26,,,,
27,,,,
