{"graph": {"_type": "graph-file", "path": "media/graph/graph_summary_fa9655b5.graph.json", "sha256": "fa9655b54be85e8957eefd4b9ce51c3ca45f2c4f988a03b7623ba22da68c809f", "size": 427}, "epoch": 11, "loss": 0.005437794141471386, "mse": 0.005437794141471386, "val_loss": 0.006769911386072636, "val_mse": 0.006769911386072636, "_runtime": 25, "_timestamp": 1618922130, "_step": 14, "best_val_loss": 0.006735619623214006, "best_epoch": 6, "mape": 123.91606549403316, "rmse": 0.36948210549233734, "mae": 0.23926030245584953}