{"graph": {"_type": "graph-file", "path": "media/graph/graph_summary_fa9655b5.graph.json", "sha256": "fa9655b54be85e8957eefd4b9ce51c3ca45f2c4f988a03b7623ba22da68c809f", "size": 427}, "epoch": 9, "loss": 0.0053651356138288975, "mse": 0.0053651356138288975, "val_loss": 0.005487887654453516, "val_mse": 0.005487887654453516, "_runtime": 18, "_timestamp": 1618921082, "_step": 12, "best_val_loss": 0.0052673835307359695, "best_epoch": 4, "mape": 124.68353898615605, "rmse": 0.3352163470805284, "mae": 0.21642390909930703}