{"graph": {"_type": "graph-file", "path": "media/graph/graph_summary_b26b436d.graph.json", "sha256": "b26b436de998f5af35c19950a76813af1cdcac44a68e8b7756747ef817a088e1", "size": 427}, "epoch": 8, "loss": 0.0052191647700965405, "mse": 0.005219164304435253, "val_loss": 0.0032286252826452255, "val_mse": 0.0032286252826452255, "_runtime": 46, "_timestamp": 1618760283, "_step": 11, "best_val_loss": 0.0029896649066358805, "best_epoch": 3, "mape": 132.0179931695082, "rmse": 0.3742443400038388, "mae": 0.2385878760016935}