{"graph": {"_type": "graph-file", "path": "media/graph/graph_summary_fa9655b5.graph.json", "sha256": "fa9655b54be85e8957eefd4b9ce51c3ca45f2c4f988a03b7623ba22da68c809f", "size": 427}, "epoch": 27, "loss": 0.007717004045844078, "mse": 0.007717004045844078, "val_loss": 0.012511484324932098, "val_mse": 0.012511484324932098, "_runtime": 21, "_timestamp": 1618920833, "_step": 30, "best_val_loss": 0.012347713112831116, "best_epoch": 22, "mape": 133.6587204606572, "rmse": 0.3486564508378107, "mae": 0.22503980730924014}