{"graph": {"_type": "graph-file", "path": "media/graph/graph_summary_b044c875.graph.json", "sha256": "b044c87559c25710a78f7fb7c418727a54dd58d15bf8c7b58d01464c7fd049e3", "size": 426}, "epoch": 11, "loss": 0.006679505575448275, "mean_squared_error": 0.006679505575448275, "val_loss": 0.009591132402420044, "val_mean_squared_error": 0.009591132402420044, "_runtime": 1086, "_timestamp": 1617984739, "_step": 14, "best_val_loss": 0.009542527608573437, "best_epoch": 9, "mape": 64.95582447199368, "rmse": 0.7100912563066386, "mae": 0.4509730828987229}