{"graph": {"_type": "graph-file", "path": "media/graph/graph_summary_fa9655b5.graph.json", "sha256": "fa9655b54be85e8957eefd4b9ce51c3ca45f2c4f988a03b7623ba22da68c809f", "size": 427}, "epoch": 12, "loss": 0.011647583916783333, "mse": 0.011647583916783333, "val_loss": 0.005799063481390476, "val_mse": 0.005799063481390476, "_runtime": 19, "_timestamp": 1618922101, "_step": 15, "best_val_loss": 0.005775013938546181, "best_epoch": 7, "mape": 124.94241818597527, "rmse": 0.3690798839048413, "mae": 0.2395968749423576}