{"graph": {"_type": "graph-file", "path": "media/graph/graph_summary_b26b436d.graph.json", "sha256": "b26b436de998f5af35c19950a76813af1cdcac44a68e8b7756747ef817a088e1", "size": 427}, "epoch": 19, "loss": 0.007563776336610317, "mse": 0.007563775405287743, "val_loss": 0.005988730117678642, "val_mse": 0.005988730117678642, "_runtime": 134, "_timestamp": 1619390408, "_step": 22, "best_val_loss": 0.005896769464015961, "best_epoch": 14, "mape": 51.05858652876889, "rmse": 0.6634968963060476, "mae": 0.41933304464480314}