{"graph": {"_type": "graph-file", "path": "media/graph/graph_summary_fa9655b5.graph.json", "sha256": "fa9655b54be85e8957eefd4b9ce51c3ca45f2c4f988a03b7623ba22da68c809f", "size": 427}, "epoch": 9, "loss": 0.004582259804010391, "mse": 0.004582259804010391, "val_loss": 0.005368784535676241, "val_mse": 0.005368785001337528, "_runtime": 19, "_timestamp": 1618921737, "_step": 12, "best_val_loss": 0.005351484753191471, "best_epoch": 4, "mape": 127.75375685860082, "rmse": 0.34597863554108943, "mae": 0.2236370961568606}