{"graph": {"_type": "graph-file", "path": "media/graph/graph_summary_b26b436d.graph.json", "sha256": "b26b436de998f5af35c19950a76813af1cdcac44a68e8b7756747ef817a088e1", "size": 427}, "epoch": 34, "loss": 0.00823752861469984, "mse": 0.00823752861469984, "val_loss": 0.012959950603544712, "val_mse": 0.012959950603544712, "_runtime": 73, "_timestamp": 1618581888, "_step": 37, "best_val_loss": 0.0127708213403821, "best_epoch": 29, "mape": 144.70837499918485, "rmse": 0.3558452062022329, "mae": 0.23178051845470662}