{"graph": {"_type": "graph-file", "path": "media/graph/graph_summary_fa9655b5.graph.json", "sha256": "fa9655b54be85e8957eefd4b9ce51c3ca45f2c4f988a03b7623ba22da68c809f", "size": 427}, "epoch": 22, "loss": 0.004717628005892038, "mse": 0.004717628005892038, "val_loss": 0.00527822645381093, "val_mse": 0.005278225988149643, "_runtime": 32, "_timestamp": 1619386342, "_step": 25, "best_val_loss": 0.005258091259747744, "best_epoch": 17, "mape": 58.62904974088144, "rmse": 0.7013396369205872, "mae": 0.4345262661448252}