{"graph": {"_type": "graph-file", "path": "media/graph/graph_summary_b26b436d.graph.json", "sha256": "b26b436de998f5af35c19950a76813af1cdcac44a68e8b7756747ef817a088e1", "size": 427}, "epoch": 14, "loss": 0.006191733293235302, "mse": 0.006191733293235302, "val_loss": 0.00646996172145009, "val_mse": 0.00646996172145009, "_runtime": 25, "_timestamp": 1619391434, "_step": 17, "best_val_loss": 0.006364873610436916, "best_epoch": 9, "mape": 62.06878186823846, "rmse": 0.726135158879158, "mae": 0.46119173452304835}