{"graph": {"_type": "graph-file", "path": "media/graph/graph_summary_b26b436d.graph.json", "sha256": "b26b436de998f5af35c19950a76813af1cdcac44a68e8b7756747ef817a088e1", "size": 427}, "epoch": 10, "loss": 0.006583727430552244, "mse": 0.006583727430552244, "val_loss": 0.00963754951953888, "val_mse": 0.00963754951953888, "_runtime": 2248, "_timestamp": 1618322361, "_step": 10, "best_val_loss": 0.00960521399974823, "best_epoch": 5}