{"graph": {"_type": "graph-file", "path": "media/graph/graph_summary_fa9655b5.graph.json", "sha256": "fa9655b54be85e8957eefd4b9ce51c3ca45f2c4f988a03b7623ba22da68c809f", "size": 427}, "epoch": 10, "loss": 0.005337016191333532, "mse": 0.005337016191333532, "val_loss": 0.002922789426520467, "val_mse": 0.002922789426520467, "_runtime": 17, "_timestamp": 1619532196, "_step": 13, "best_val_loss": 0.0028936080634593964, "best_epoch": 5, "mape": 72.19670155595234, "rmse": 0.28193124770077627, "mae": 0.18517993569866711}