{"graph": {"_type": "graph-file", "path": "media/graph/graph_summary_b26b436d.graph.json", "sha256": "b26b436de998f5af35c19950a76813af1cdcac44a68e8b7756747ef817a088e1", "size": 427}, "epoch": 39, "loss": 0.010164061561226845, "mse": 0.010164061561226845, "val_loss": 0.010441598482429981, "val_mse": 0.010441598482429981, "_runtime": 153, "_timestamp": 1619520164, "_step": 42, "best_val_loss": 0.010441598482429981, "best_epoch": 39, "mape": 75.92159921279207, "rmse": 0.2951246716431476, "mae": 0.1948397142820544}