{"graph": {"_type": "graph-file", "path": "media/graph/graph_summary_fa9655b5.graph.json", "sha256": "fa9655b54be85e8957eefd4b9ce51c3ca45f2c4f988a03b7623ba22da68c809f", "size": 427}, "epoch": 8, "loss": 0.003646004479378462, "mse": 0.003646004479378462, "val_loss": 0.001493779243901372, "val_mse": 0.001493779243901372, "_runtime": 14, "_timestamp": 1619531459, "_step": 11, "best_val_loss": 0.0014787736581638455, "best_epoch": 3, "mape": 77.55026161548427, "rmse": 0.2985931672898649, "mae": 0.1956087103511255}