{"graph": {"_type": "graph-file", "path": "media/graph/graph_summary_fa9655b5.graph.json", "sha256": "fa9655b54be85e8957eefd4b9ce51c3ca45f2c4f988a03b7623ba22da68c809f", "size": 427}, "epoch": 39, "loss": 0.0054730139672756195, "mse": 0.0054730139672756195, "val_loss": 0.0031258410308510065, "val_mse": 0.0031258410308510065, "_runtime": 46, "_timestamp": 1618920883, "_step": 42, "best_val_loss": 0.0031258410308510065, "best_epoch": 39, "mape": 132.74745948912022, "rmse": 0.34431714606701835, "mae": 0.2218847047938891}