{"graph": {"_type": "graph-file", "path": "media/graph/graph_summary_fa9655b5.graph.json", "sha256": "fa9655b54be85e8957eefd4b9ce51c3ca45f2c4f988a03b7623ba22da68c809f", "size": 427}, "epoch": 8, "loss": 0.010104362852871418, "mse": 0.010104362852871418, "val_loss": 0.008514712564647198, "val_mse": 0.008514712564647198, "_runtime": 14, "_timestamp": 1619131126, "_step": 11, "best_val_loss": 0.008093109354376793, "best_epoch": 3, "mape": 50.699899266845215, "rmse": 0.6901994275758467, "mae": 0.4290510795427919}