{"graph": {"_type": "graph-file", "path": "media/graph/graph_summary_fa9655b5.graph.json", "sha256": "fa9655b54be85e8957eefd4b9ce51c3ca45f2c4f988a03b7623ba22da68c809f", "size": 427}, "epoch": 24, "loss": 0.009817241691052914, "mse": 0.009817241691052914, "val_loss": 0.010418436489999294, "val_mse": 0.010418436489999294, "_runtime": 36, "_timestamp": 1618920734, "_step": 27, "best_val_loss": 0.010243729688227177, "best_epoch": 19, "mape": 122.99238268453658, "rmse": 0.3554549970879327, "mae": 0.2279692850381348}