{"graph": {"_type": "graph-file", "path": "media/graph/graph_summary_fa9655b5.graph.json", "sha256": "fa9655b54be85e8957eefd4b9ce51c3ca45f2c4f988a03b7623ba22da68c809f", "size": 427}, "epoch": 10, "loss": 0.004635554738342762, "mse": 0.004635554738342762, "val_loss": 0.004053289536386728, "val_mse": 0.004053289536386728, "_runtime": 29, "_timestamp": 1619599407, "_step": 13, "best_val_loss": 0.004040802828967571, "best_epoch": 5, "mape": 48.08195682820906, "rmse": 0.48044957496626967, "mae": 0.3116793156820994}