{"graph": {"_type": "graph-file", "path": "media/graph/graph_summary_fa9655b5.graph.json", "sha256": "fa9655b54be85e8957eefd4b9ce51c3ca45f2c4f988a03b7623ba22da68c809f", "size": 427}, "epoch": 39, "loss": 0.009138308465480804, "mse": 0.009138308465480804, "val_loss": 0.0063172392547130585, "val_mse": 0.0063172392547130585, "_runtime": 49, "_timestamp": 1619533585, "_step": 42, "best_val_loss": 0.006270657293498516, "best_epoch": 38, "mape": 86.10789874342137, "rmse": 0.32134736345454196, "mae": 0.2102319906584485}