{"graph": {"_type": "graph-file", "path": "media/graph/graph_summary_fa9655b5.graph.json", "sha256": "fa9655b54be85e8957eefd4b9ce51c3ca45f2c4f988a03b7623ba22da68c809f", "size": 427}, "epoch": 8, "loss": 0.0035761669278144836, "mse": 0.0035761669278144836, "val_loss": 0.0007314610411413014, "val_mse": 0.0007314610411413014, "_runtime": 16, "_timestamp": 1619531274, "_step": 11, "best_val_loss": 0.0006720887031406164, "best_epoch": 3, "mape": 83.8672582763594, "rmse": 0.3278010266993193, "mae": 0.21523297132552682}