{"graph": {"_type": "graph-file", "path": "media/graph/graph_summary_b26b436d.graph.json", "sha256": "b26b436de998f5af35c19950a76813af1cdcac44a68e8b7756747ef817a088e1", "size": 427}, "epoch": 11, "loss": 0.0065877679735422134, "mse": 0.0065877679735422134, "val_loss": 0.009637849405407906, "val_mse": 0.009637849405407906, "_runtime": 4539, "_timestamp": 1618328679, "_step": 14, "best_val_loss": 0.009569395333528519, "best_epoch": 6, "mape": 65.64250552947247, "rmse": 0.7012764482900355, "mae": 0.4494186004917679}