{"graph": {"_type": "graph-file", "path": "media/graph/graph_summary_fa9655b5.graph.json", "sha256": "fa9655b54be85e8957eefd4b9ce51c3ca45f2c4f988a03b7623ba22da68c809f", "size": 427}, "epoch": 31, "loss": 0.003959069959819317, "mse": 0.003959069959819317, "val_loss": 0.0035187420435249805, "val_mse": 0.0035187420435249805, "_runtime": 70, "_timestamp": 1619180968, "_step": 34, "best_val_loss": 0.0035132956691086292, "best_epoch": 26, "mape": 45.701536369585675, "rmse": 0.7012382918876995, "mae": 0.43533245243667046}