{"graph": {"_type": "graph-file", "path": "media/graph/graph_summary_fa9655b5.graph.json", "sha256": "fa9655b54be85e8957eefd4b9ce51c3ca45f2c4f988a03b7623ba22da68c809f", "size": 427}, "epoch": 6, "loss": 0.0057503352873027325, "mse": 0.0057503352873027325, "val_loss": 0.003866929328069091, "val_mse": 0.003866929328069091, "_runtime": 13, "_timestamp": 1618920249, "_step": 9, "best_val_loss": 0.003810351714491844, "best_epoch": 1, "mape": 132.48641142037548, "rmse": 0.38788912956048194, "mae": 0.24515014249404482}