{"graph": {"_type": "graph-file", "path": "media/graph/graph_summary_fa9655b5.graph.json", "sha256": "fa9655b54be85e8957eefd4b9ce51c3ca45f2c4f988a03b7623ba22da68c809f", "size": 427}, "epoch": 10, "loss": 0.01111413724720478, "mse": 0.01111413724720478, "val_loss": 0.01291557215154171, "val_mse": 0.01291557215154171, "_runtime": 19, "_timestamp": 1618920784, "_step": 13, "best_val_loss": 0.012654361315071583, "best_epoch": 5, "mape": 134.84360210598612, "rmse": 0.34756024518467943, "mae": 0.22378791317098568}