{"graph": {"_type": "graph-file", "path": "media/graph/graph_summary_fa9655b5.graph.json", "sha256": "fa9655b54be85e8957eefd4b9ce51c3ca45f2c4f988a03b7623ba22da68c809f", "size": 427}, "epoch": 12, "loss": 0.008811717852950096, "mse": 0.008811717852950096, "val_loss": 0.007282748818397522, "val_mse": 0.007282748818397522, "_runtime": 32, "_timestamp": 1619599839, "_step": 15, "best_val_loss": 0.007248136680573225, "best_epoch": 7, "mape": 61.815061552237665, "rmse": 0.5706738960555091, "mae": 0.3619891419327867}