{"graph": {"_type": "graph-file", "path": "media/graph/graph_summary_b26b436d.graph.json", "sha256": "b26b436de998f5af35c19950a76813af1cdcac44a68e8b7756747ef817a088e1", "size": 427}, "epoch": 39, "loss": 0.005921352654695511, "mse": 0.005921352654695511, "val_loss": 0.005336126312613487, "val_mse": 0.005336126312613487, "_runtime": 144, "_timestamp": 1618762607, "_step": 42, "best_val_loss": 0.005336126312613487, "best_epoch": 39, "mape": 136.2972189659601, "rmse": 0.3468234854679315, "mae": 0.22731427150308986}