,mae,mape,rmse,B
0,21.108989019949714,235.5955279123447,34.20056756298816,GEP1
1,9.40447673418636,32.20046915562316,13.864232387198019,GEP4
