{"graph": {"_type": "graph-file", "path": "media/graph/graph_summary_b26b436d.graph.json", "sha256": "b26b436de998f5af35c19950a76813af1cdcac44a68e8b7756747ef817a088e1", "size": 427}, "epoch": 39, "loss": 0.006833700463175774, "mse": 0.006833700463175774, "val_loss": 0.0028312858194112778, "val_mse": 0.0028312858194112778, "_runtime": 149, "_timestamp": 1618578448, "_step": 42, "best_val_loss": 0.0028170470613986254, "best_epoch": 36, "mape": 88.89592162615885, "rmse": 0.29286376539188896, "mae": 0.18041624402663442}