{"graph": {"_type": "graph-file", "path": "media/graph/graph_summary_fa9655b5.graph.json", "sha256": "fa9655b54be85e8957eefd4b9ce51c3ca45f2c4f988a03b7623ba22da68c809f", "size": 427}, "epoch": 10, "loss": 0.005337016191333532, "mse": 0.005337016191333532, "val_loss": 0.002922789426520467, "val_mse": 0.002922789426520467, "_runtime": 19, "_timestamp": 1618921060, "_step": 13, "best_val_loss": 0.0028936080634593964, "best_epoch": 5, "mape": 126.19552016158096, "rmse": 0.33571932859413356, "mae": 0.21659367387596068}