{"graph": {"_type": "graph-file", "path": "media/graph/graph_summary_fa9655b5.graph.json", "sha256": "fa9655b54be85e8957eefd4b9ce51c3ca45f2c4f988a03b7623ba22da68c809f", "size": 427}, "epoch": 18, "loss": 0.004669593181461096, "mse": 0.0046695927157998085, "val_loss": 0.0005054413340985775, "val_mse": 0.0005054413340985775, "_runtime": 35, "_timestamp": 1619599446, "_step": 21, "best_val_loss": 0.0004653925425373018, "best_epoch": 13, "mape": 52.77512120108941, "rmse": 0.5410822883555105, "mae": 0.3473060398078107}