{"graph": {"_type": "graph-file", "path": "media/graph/graph_summary_b26b436d.graph.json", "sha256": "b26b436de998f5af35c19950a76813af1cdcac44a68e8b7756747ef817a088e1", "size": 427}, "epoch": 9, "loss": 0.0027868712786585093, "mse": 0.0027868712786585093, "val_loss": 0.0009232326992787421, "val_mse": 0.0009232326992787421, "_runtime": 46, "_timestamp": 1619524057, "_step": 12, "best_val_loss": 0.0009041475714184344, "best_epoch": 4, "mape": 91.41474018394601, "rmse": 0.3289715395507901, "mae": 0.21786706875997397}