{"graph": {"_type": "graph-file", "path": "media/graph/graph_summary_fa9655b5.graph.json", "sha256": "fa9655b54be85e8957eefd4b9ce51c3ca45f2c4f988a03b7623ba22da68c809f", "size": 427}, "epoch": 17, "loss": 0.013709836639463902, "mse": 0.013709836639463902, "val_loss": 0.0007774043479003012, "val_mse": 0.0007774043479003012, "_runtime": 28, "_timestamp": 1618921038, "_step": 20, "best_val_loss": 0.0007712958613410592, "best_epoch": 12, "mape": 126.50874139433886, "rmse": 0.33713479937101026, "mae": 0.21794391422889814}