{"graph": {"_type": "graph-file", "path": "media/graph/graph_summary_fa9655b5.graph.json", "sha256": "fa9655b54be85e8957eefd4b9ce51c3ca45f2c4f988a03b7623ba22da68c809f", "size": 427}, "epoch": 39, "loss": 0.007883042097091675, "mse": 0.007883042097091675, "val_loss": 0.006353027652949095, "val_mse": 0.006353027652949095, "_runtime": 18, "_timestamp": 1619131546, "_step": 42, "best_val_loss": 0.006339126266539097, "best_epoch": 37, "mape": 58.42284473191638, "rmse": 0.6666948282472943, "mae": 0.41226125333093233}