{"graph": {"_type": "graph-file", "path": "media/graph/graph_summary_b26b436d.graph.json", "sha256": "b26b436de998f5af35c19950a76813af1cdcac44a68e8b7756747ef817a088e1", "size": 427}, "epoch": 30, "loss": 0.005450739990919828, "mse": 0.005450739990919828, "val_loss": 0.005205552093684673, "val_mse": 0.005205552093684673, "_runtime": 196, "_timestamp": 1619537298, "_step": 33, "best_val_loss": 0.005202259868383408, "best_epoch": 25, "mape": 51.82781452742141, "rmse": 0.48280452993525386, "mae": 0.3118545522191921}