{"graph": {"_type": "graph-file", "path": "media/graph/graph_summary_fa9655b5.graph.json", "sha256": "fa9655b54be85e8957eefd4b9ce51c3ca45f2c4f988a03b7623ba22da68c809f", "size": 427}, "epoch": 33, "loss": 0.0029338516760617495, "mse": 0.0029338516760617495, "val_loss": 0.0016890905098989606, "val_mse": 0.0016890905098989606, "_runtime": 48, "_timestamp": 1618921682, "_step": 36, "best_val_loss": 0.0016870517283678055, "best_epoch": 28, "mape": 127.23476501009674, "rmse": 0.3399659177633971, "mae": 0.2191235538051998}