{"graph": {"_type": "graph-file", "path": "media/graph/graph_summary_b26b436d.graph.json", "sha256": "b26b436de998f5af35c19950a76813af1cdcac44a68e8b7756747ef817a088e1", "size": 427}, "epoch": 9, "loss": 0.005913490895181894, "mse": 0.005913490895181894, "val_loss": 0.004465165548026562, "val_mse": 0.004465165548026562, "_runtime": 72, "_timestamp": 1619176207, "_step": 12, "best_val_loss": 0.004433691501617432, "best_epoch": 4, "mape": 60.86875725244697, "rmse": 0.7577107799696121, "mae": 0.47985718070183414}