{"graph": {"_type": "graph-file", "path": "media/graph/graph_summary_fa9655b5.graph.json", "sha256": "fa9655b54be85e8957eefd4b9ce51c3ca45f2c4f988a03b7623ba22da68c809f", "size": 427}, "epoch": 99, "loss": 0.007387549616396427, "mse": 0.007387549616396427, "val_loss": 0.006231881678104401, "val_mse": 0.006231881678104401, "_runtime": 38, "_timestamp": 1619599881, "_step": 102, "best_val_loss": 0.006222924217581749, "best_epoch": 98, "mape": 60.765329469445696, "rmse": 0.5564875226689987, "mae": 0.35187079842994606}